drop table rol_persona cascade;
drop table rol cascade;
drop table prescripciones cascade;
drop table citas cascade;
drop table historias_clinicas cascade;
drop table paciente cascade;
drop table doctor cascade;
drop table comparte cascade;
drop table mantenimiento cascade;
drop table equipamiento cascade;
drop table medicamentos cascade;
drop table tecnico cascade;
drop table empleado cascade;
drop table departamento cascade;
drop table sede cascade;
drop table auditoria_accesos cascade;
drop table persona cascade;


CREATE TABLE rol (
  id_rol INT GENERATED BY DEFAULT AS IDENTITY (START WITH 7) PRIMARY KEY,
  nombre_rol VARCHAR(200) NOT NULL UNIQUE
);

CREATE TABLE "persona" (
  "persona_id" INT GENERATED BY DEFAULT AS IDENTITY (START WITH 1015) PRIMARY KEY,
  "tipo_documento" VARCHAR(100) NOT NULL,
  "nombres" VARCHAR(100) NOT NULL,
  "apellidos" VARCHAR(100) NOT NULL,
  "fecha_nacimiento" DATE NOT NULL,
  "sexo" CHAR(1) CHECK (sexo IN ('M','F')),
  "direccion" VARCHAR(200),
  "telefono" VARCHAR(20),
  "email" VARCHAR(100) UNIQUE
);

CREATE TABLE "sede" (
  "sede_id" INT GENERATED BY DEFAULT AS IDENTITY (START WITH 3) PRIMARY KEY ,
  "nombre" VARCHAR(100) NOT NULL,
  "direccion" VARCHAR(200) NOT NULL,
  "telefono" VARCHAR(20),
  "tipo_sede" VARCHAR(50) CHECK (tipo_sede IN ('Hospital', 'Clínica', 'Unidad Móvil'))
);


CREATE TABLE "departamento" (
  "departamento_id" SERIAL NOT NULL,
  "sede_id" INT NOT NULL,
  "nombre" VARCHAR(100) NOT NULL,
  "descripcion" VARCHAR(200),
  PRIMARY KEY ("departamento_id", "sede_id"),
  FOREIGN KEY ("sede_id") REFERENCES "sede" ("sede_id")ON DELETE CASCADE ON UPDATE CASCADE
);

CREATE TABLE "rol_persona" (
  "id_rol" INT NOT NULL,
  "persona_id" INT NOT NULL,
  PRIMARY KEY ("id_rol", "persona_id"),
  FOREIGN KEY ("id_rol") REFERENCES "rol" ("id_rol")ON DELETE CASCADE ON UPDATE CASCADE,
  FOREIGN KEY ("persona_id") REFERENCES "persona" ("persona_id")ON DELETE CASCADE ON UPDATE CASCADE
);



CREATE TABLE "auditoria_accesos" (
  "evento_id" INT GENERATED BY DEFAULT AS IDENTITY (START WITH 12007) PRIMARY KEY,
  "accion" VARCHAR(20),
  "tabla_modificada" VARCHAR(40),
  "ip_origen" VARCHAR(20),
  "fecha_evento" TIMESTAMP NOT NULL DEFAULT now(),
  "persona_id" INT NOT NULL,
  FOREIGN KEY ("persona_id") REFERENCES "persona" ("persona_id") ON DELETE CASCADE ON UPDATE CASCADE
);


CREATE TABLE "paciente" (
  "paciente_id" INT GENERATED BY DEFAULT AS IDENTITY (START WITH 2008) PRIMARY KEY,
  "persona_id" INT NOT NULL,
  "tipo_sangre" VARCHAR(20) NOT NULL,
  "contacto_emergencia" VARCHAR(25) NOT NULL,
  "riesgo_clinico" VARCHAR(20) CHECK (riesgo_clinico IN ('Bajo','Medio', 'Alto')),
  FOREIGN KEY ("persona_id") REFERENCES "persona" ("persona_id") ON DELETE CASCADE ON UPDATE CASCADE
);


CREATE TABLE "empleado" (
  "empleado_id" INT GENERATED BY DEFAULT AS IDENTITY (START WITH 3010) PRIMARY KEY ,
  "persona_id" INT NOT NULL,
  "departamento_id" INT NOT NULL,
  "sede_id" INT NOT NULL,
  "fecha_contratacion" DATE NOT NULL,
  "salario" NUMERIC(10,2),
  FOREIGN KEY ("persona_id") REFERENCES "persona" ("persona_id") ON DELETE CASCADE ON UPDATE CASCADE,
  FOREIGN KEY ("departamento_id", "sede_id") REFERENCES "departamento" ("departamento_id", "sede_id") ON DELETE CASCADE ON UPDATE CASCADE
);


CREATE TABLE "doctor" (
  "doctor_id" INT GENERATED BY DEFAULT AS IDENTITY (START WITH 4004) PRIMARY KEY,
  "empleado_id" INT NOT NULL,
  "especialidad" VARCHAR(100) NOT NULL,
  FOREIGN KEY ("empleado_id") REFERENCES "empleado" ("empleado_id")ON DELETE CASCADE ON UPDATE CASCADE
);


CREATE TABLE "tecnico" (
  "tecnico_id" INT GENERATED BY DEFAULT AS IDENTITY (START WITH 5004) PRIMARY KEY,
  "empleado_id" INT NOT NULL,
  "area" VARCHAR(100),
  FOREIGN KEY ("empleado_id") REFERENCES "empleado" ("empleado_id")ON DELETE CASCADE ON UPDATE CASCADE
);


CREATE TABLE "equipamiento" (
  "equipamiento_id" INT GENERATED BY DEFAULT AS IDENTITY (START WITH 6013) PRIMARY KEY,
  "nombre" VARCHAR(100) NOT NULL,
  "categoria" VARCHAR(50) NOT NULL,
  "estado" VARCHAR(50) CHECK (estado IN ('Activo', 'Mantenimiento', 'Fuera de Servicio'))
);


CREATE TABLE "comparte" (
  "equipamiento_id" INT NOT NULL,
  "departamento_id" INT NOT NULL,
  "sede_id"         INT NOT NULL,
  PRIMARY KEY ("equipamiento_id","departamento_id","sede_id"),
  FOREIGN KEY ("equipamiento_id") REFERENCES "equipamiento" ("equipamiento_id")ON DELETE CASCADE ON UPDATE CASCADE,
  FOREIGN KEY ("departamento_id","sede_id") REFERENCES "departamento" ("departamento_id","sede_id")ON DELETE CASCADE ON UPDATE CASCADE
);

CREATE TABLE "mantenimiento" (
	"equipamiento_id" INT NOT NULL,
  "fecha_mantenimiento" DATE,
  "tipo_mantenimiento" VARCHAR(100) NOT NULL,
  "tecnico_id" INT NOT NULL,
  PRIMARY KEY ("fecha_mantenimiento", "tecnico_id", "equipamiento_id"),
  FOREIGN KEY ("equipamiento_id") REFERENCES "equipamiento" ("equipamiento_id")ON DELETE CASCADE ON UPDATE CASCADE,
  FOREIGN KEY ("tecnico_id") REFERENCES "tecnico" ("tecnico_id")ON DELETE CASCADE ON UPDATE CASCADE
);


CREATE TABLE "historias_clinicas" (
  "historia_id" INT GENERATED BY DEFAULT AS IDENTITY (START WITH 7127) PRIMARY KEY,
  "fecha_registro" TIMESTAMP NOT NULL DEFAULT (NOW()),
  "diagnostico" VARCHAR(300) NOT NULL,
  "tratamiento" VARCHAR(300),
  "paciente_id" INT NOT NULL,
  FOREIGN KEY ("paciente_id") REFERENCES "paciente" ("paciente_id") ON DELETE CASCADE ON UPDATE CASCADE
);


CREATE TABLE "medicamentos" (
  "medicamento_id" INT GENERATED BY DEFAULT AS IDENTITY (START WITH 10025) PRIMARY KEY,
  "departamento_id" INT NOT NULL,
  "sede_id" INT NOT NULL,
  "nombre" VARCHAR(100) NOT NULL,
  "descripcion" VARCHAR(200) NOT NULL,
  "stock" INT NOT NULL,
  "proveedor" VARCHAR(30) NOT NULL,
  FOREIGN KEY ("departamento_id", "sede_id") REFERENCES "departamento" ("departamento_id", "sede_id") ON DELETE CASCADE ON UPDATE CASCADE
);


CREATE TABLE "citas" (
  "cita_id" INT GENERATED BY DEFAULT AS IDENTITY (START WITH 9007),
  "paciente_id" INT NOT NULL,
  "departamento_id" INT NOT NULL,
  "sede_id" INT NOT NULL,
  "doctor_id" INT NOT NULL,
  "fecha_hora" TIMESTAMP NOT NULL,
  "estado" VARCHAR(20) CHECK (estado IN ('Programada','Completada')),
  "tipo_servicio" VARCHAR(50) NOT NULL,
  PRIMARY KEY ("cita_id", "doctor_id", "paciente_id", "departamento_id", "sede_id"),
  FOREIGN KEY ("doctor_id") REFERENCES "doctor" ("doctor_id")ON DELETE CASCADE ON UPDATE CASCADE,
  FOREIGN KEY ("paciente_id") REFERENCES "paciente" ("paciente_id")ON DELETE CASCADE ON UPDATE CASCADE,
  FOREIGN KEY ("departamento_id", "sede_id") REFERENCES "departamento" ("departamento_id", "sede_id")ON DELETE CASCADE ON UPDATE CASCADE
);


CREATE TABLE "prescripciones" (
  "prescripcion_id" INT GENERATED BY DEFAULT AS IDENTITY (START WITH 11379),
  "medicamento_id" INT NOT NULL,
  "historia_id" INT NOT NULL,
  "cita_id" INT NOT NULL,
  "paciente_id" INT NOT NULL,
  "doctor_id" INT NOT NULL,
  "sede_id" INT NOT NULL,
  "departamento_id" INT NOT NULL,
  "dosis" VARCHAR(20) NOT NULL,
  "frecuencia" VARCHAR(20) NOT NULL,
  "duracion" VARCHAR(20) NOT NULL,
  "fecha_emision" DATE NOT NULL,
  PRIMARY KEY ("prescripcion_id", "cita_id", "doctor_id", "paciente_id", "departamento_id", "sede_id", "medicamento_id"),
  FOREIGN KEY ("cita_id", "doctor_id", "paciente_id", "departamento_id", "sede_id") REFERENCES "citas" ("cita_id", "doctor_id", "paciente_id", "departamento_id", "sede_id") ON DELETE CASCADE ON UPDATE CASCADE,
  FOREIGN KEY ("historia_id") REFERENCES "historias_clinicas" ("historia_id") ON DELETE CASCADE ON UPDATE CASCADE,
  FOREIGN KEY ("medicamento_id") REFERENCES "medicamentos" ("medicamento_id") ON DELETE CASCADE ON UPDATE CASCADE
);


-- Resumen de datos insertados:
-- - 6 roles
-- - 2 sedes (Hospital VidaSalud)
-- - 6 departamentos (3 por sede)
-- - 14 personas
-- - 7 pacientes
-- - 9 empleados
-- - 3 doctores
-- - 3 técnicos
-- - 12 equipos de equipamiento
-- - 14 registros en tabla comparte
-- - 6 registros de mantenimiento
-- - 7 historias clínicas
-- - 126 citas completadas (junio-noviembre 2025)
-- - 6 citas programadas (desde 12 oras', '30 días', '2025-07-23'),
-- ============================================
-- SCRIPT DE INSERCIÓN DE DATOS
-- Sistema de Gestión Hospitalaria
-- ============================================

-- ============================================
-- 1. ROLES
-- ============================================
INSERT INTO rol (id_rol, nombre_rol) VALUES
(1, 'doctor'),
(2, 'paciente'),
(3, 'administrador_sistema'),
(4, 'administrador_datos'),
(5, 'tecnico'),
(6, 'secretaria');

-- ============================================
-- 2. SEDES (2 sedes de la misma cadena)
-- ============================================
INSERT INTO sede (sede_id, nombre, direccion, telefono, tipo_sede) VALUES
(1, 'Hospital VidaSalud Central', 'Calle 72 #10-34, Bogotá', '6013456789', 'Hospital'),
(2, 'Hospital VidaSalud Norte', 'Carrera 15 #145-20, Bogotá', '6013459876', 'Hospital');

-- ============================================
-- 3. DEPARTAMENTOS (3 por sede)
-- ============================================
INSERT INTO departamento (departamento_id, sede_id, nombre, descripcion) VALUES
(1, 1, 'Cardiología', 'Departamento especializado en enfermedades cardiovasculares'),
(2, 1, 'Traumatología', 'Atención de lesiones y enfermedades del sistema músculo-esquelético'),
(3, 1, 'Medicina General', 'Consulta y atención médica general'),
(4, 2, 'Cardiología', 'Departamento especializado en enfermedades cardiovasculares'),
(5, 2, 'Pediatría', 'Atención médica especializada para niños y adolescentes'),
(6, 2, 'Medicina General', 'Consulta y atención médica general');

-- ============================================
-- 4. PERSONAS (14 personas totales)
-- ============================================
INSERT INTO persona (persona_id, tipo_documento, nombres, apellidos, fecha_nacimiento, sexo, direccion, telefono, email) VALUES
-- Doctores (3: 2 solo-doctores + 1 doctor-paciente)
(1001, 'CC', 'Carlos Alberto', 'Ramírez Gómez', '1978-03-15', 'M', 'Calle 85 #12-45', '3101234567', 'carlos.ramirez@vidasalud.com'),
(1002, 'CC', 'María Fernanda', 'López Martínez', '1982-07-22', 'F', 'Carrera 9 #76-32', '3109876543', 'maria.lopez@vidasalud.com'),
(1003, 'CC', 'José Miguel', 'Hernández Silva', '1985-11-08', 'M', 'Calle 45 #18-90', '3156789012', 'jose.hernandez@vidasalud.com'),

-- Técnicos (3: 2 solo-técnicos + 1 técnico-paciente)
(1004, 'CC', 'Andrea Paola', 'González Ruiz', '1990-05-12', 'F', 'Carrera 30 #50-25', '3187654321', 'andrea.gonzalez@vidasalud.com'),
(1005, 'CC', 'Roberto Carlos', 'Morales Díaz', '1988-09-30', 'M', 'Calle 100 #15-78', '3145678901', 'roberto.morales@vidasalud.com'),
(1006, 'CC', 'Diana Patricia', 'Castro Pérez', '1992-02-18', 'F', 'Carrera 7 #32-15', '3198765432', 'diana.castro@vidasalud.com'),

-- Pacientes solo-pacientes (5)
(1007, 'CC', 'Juan Pablo', 'Rodríguez Sánchez', '1975-04-20', 'M', 'Calle 53 #22-10', '3201234567', 'juan.rodriguez@email.com'),
(1008, 'CC', 'Laura Cristina', 'Vargas Torres', '1980-08-14', 'F', 'Carrera 25 #60-45', '3112345678', 'laura.vargas@email.com'),
(1009, 'CC', 'Pedro Antonio', 'Mejía Ríos', '1965-12-05', 'M', 'Calle 38 #14-88', '3123456789', 'pedro.mejia@email.com'),
(1010, 'CC', 'Sofía Valentina', 'Jiménez Cruz', '1995-06-28', 'F', 'Carrera 50 #22-33', '3134567890', 'sofia.jimenez@email.com'),
(1011, 'CC', 'Andrés Felipe', 'Torres Mendoza', '1970-10-17', 'M', 'Calle 68 #19-55', '3145678902', 'andres.torres@email.com'),

-- Administrador Sistema (1)
(1012, 'CC', 'Gabriel Alejandro', 'Pineda Rojas', '1987-01-25', 'M', 'Calle 92 #11-40', '3156789023', 'gabriel.pineda@vidasalud.com'),

-- Administrador Datos (1)
(1013, 'CC', 'Camila Andrea', 'Ortiz Medina', '1991-03-12', 'F', 'Carrera 20 #80-25', '3167890134', 'camila.ortiz@vidasalud.com'),

-- Secretaria (1)
(1014, 'CC', 'Valentina Isabel', 'Suárez López', '1993-09-08', 'F', 'Calle 75 #10-22', '3178901245', 'valentina.suarez@vidasalud.com');

-- ============================================
-- 5. ROL_PERSONA (Asignación de roles)
-- ============================================
INSERT INTO rol_persona (id_rol, persona_id) VALUES
-- Doctores
(1, 1001), -- Carlos - Doctor
(1, 1002), -- María - Doctor
(1, 1003), -- José - Doctor y Paciente

-- Técnicos
(5, 1004), -- Andrea - Técnico
(5, 1005), -- Roberto - Técnico
(5, 1006), -- Diana - Técnico y Paciente

-- Pacientes (7 total: 5 solo-pacientes + 1 doctor-paciente + 1 técnico-paciente)
(2, 1003), -- José - Doctor y Paciente
(2, 1006), -- Diana - Técnico y Paciente
(2, 1007), -- Juan - Paciente
(2, 1008), -- Laura - Paciente
(2, 1009), -- Pedro - Paciente
(2, 1010), -- Sofía - Paciente
(2, 1011), -- Andrés - Paciente

-- Otros roles
(3, 1012), -- Gabriel - Administrador Sistema
(4, 1013), -- Camila - Administrador Datos
(6, 1014); -- Valentina - Secretaria

-- ============================================
-- 6. PACIENTES (7 pacientes totales)
-- ============================================
INSERT INTO paciente (paciente_id, persona_id, tipo_sangre, contacto_emergencia, riesgo_clinico) VALUES
(2001, 1003, 'O+', '3001112233', 'Bajo'),      -- José (Doctor-Paciente)
(2002, 1006, 'A+', '3002223344', 'Bajo'),      -- Diana (Técnico-Paciente)
(2003, 1007, 'B+', '3003334455', 'Alto'),      -- Juan
(2004, 1008, 'AB+', '3004445566', 'Medio'),    -- Laura
(2005, 1009, 'O-', '3005556677', 'Alto'),      -- Pedro
(2006, 1010, 'A-', '3006667788', 'Bajo'),      -- Sofía
(2007, 1011, 'B-', '3007778899', 'Medio');     -- Andrés

-- ============================================
-- 7. EMPLEADOS (9 empleados totales)
-- ============================================
INSERT INTO empleado (empleado_id, persona_id, departamento_id, sede_id, fecha_contratacion, salario) VALUES
-- Doctores
(3001, 1001, 1, 1, '2015-02-01', 15000000.00), -- Carlos - Cardiología Sede 1
(3002, 1002, 2, 1, '2016-06-15', 14000000.00), -- María - Traumatología Sede 1
(3003, 1003, 5, 2, '2018-03-20', 13500000.00), -- José - Pediatría Sede 2

-- Técnicos
(3004, 1004, 1, 1, '2019-01-10', 4500000.00),  -- Andrea - Cardiología Sede 1
(3005, 1005, 3, 1, '2020-07-22', 4200000.00),  -- Roberto - Medicina General Sede 1
(3006, 1006, 4, 2, '2021-05-15', 4300000.00),  -- Diana - Cardiología Sede 2

-- Otros roles
(3007, 1012, 3, 1, '2014-01-05', 8000000.00),  -- Gabriel - Admin Sistema
(3008, 1013, 6, 2, '2017-09-10', 7500000.00),  -- Camila - Admin Datos
(3009, 1014, 3, 1, '2020-11-01', 3500000.00);  -- Valentina - Secretaria

-- ============================================
-- 8. DOCTORES (3 doctores)
-- ============================================
INSERT INTO doctor (doctor_id, empleado_id, especialidad) VALUES
(4001, 3001, 'Cardiología'),      -- Carlos
(4002, 3002, 'Traumatología'),    -- María
(4003, 3003, 'Pediatría');        -- José

-- ============================================
-- 9. TÉCNICOS (3 técnicos)
-- ============================================
INSERT INTO tecnico (tecnico_id, empleado_id, area) VALUES
(5001, 3004, 'Laboratorio Clínico'),           -- Andrea
(5002, 3005, 'Radiología'),                    -- Roberto
(5003, 3006, 'Mantenimiento de Equipos');      -- Diana

-- ============================================
-- 10. EQUIPAMIENTO (12 equipos: 2 por departamento)
-- ============================================
INSERT INTO equipamiento (equipamiento_id, nombre, categoria, estado) VALUES
-- Cardiología Sede 1 (Dept 1)
(6001, 'Electrocardiografo ECG-2000', 'Diagnóstico', 'Activo'),
(6002, 'Monitor Holter Cardíaco', 'Monitoreo', 'Activo'),

-- Traumatología Sede 1 (Dept 2)
(6003, 'Rayos X Digital', 'Imagenología', 'Activo'),
(6004, 'Mesa de Cirugía Ortopédica', 'Quirúrgico', 'Activo'),

-- Medicina General Sede 1 (Dept 3)
(6005, 'Tensiómetro Digital', 'Diagnóstico', 'Activo'),
(6006, 'Estetoscopio Electrónico', 'Diagnóstico', 'Activo'),

-- Cardiología Sede 2 (Dept 4)
(6007, 'Ecocardiografo Doppler', 'Diagnóstico', 'Activo'),
(6008, 'Desfibrilador Automático', 'Emergencia', 'Activo'),

-- Pediatría Sede 2 (Dept 5)
(6009, 'Incubadora Neonatal', 'Cuidado Intensivo', 'Activo'),
(6010, 'Monitor de Signos Vitales Pediátrico', 'Monitoreo', 'Activo'),

-- Medicina General Sede 2 (Dept 6)
(6011, 'Otoscopio Digital', 'Diagnóstico', 'Activo'),
(6012, 'Nebulizador Profesional', 'Tratamiento', 'Activo');

-- ============================================
-- 11. COMPARTE (Equipos compartidos entre departamentos)
-- ============================================
-- Asignar equipos a sus departamentos principales
INSERT INTO comparte (equipamiento_id, departamento_id, sede_id) VALUES
-- Sede 1
(6001, 1, 1), (6002, 1, 1),
(6003, 2, 1), (6004, 2, 1),
(6005, 3, 1), (6006, 3, 1),

-- Sede 2
(6007, 4, 2), (6008, 4, 2),
(6009, 5, 2), (6010, 5, 2),
(6011, 6, 2), (6012, 6, 2),

-- Equipos compartidos entre sedes (2 equipos compartidos)
-- Monitor Holter compartido entre Cardiología de ambas sedes
(6002, 4, 2),

-- Rayos X Digital compartido con Medicina General Sede 1
(6003, 3, 1);

-- ============================================
-- 12. MANTENIMIENTO (Registros de mantenimiento)
-- ============================================
INSERT INTO mantenimiento (equipamiento_id, fecha_mantenimiento, tipo_mantenimiento, tecnico_id) VALUES
(6001, '2025-10-15', 'Preventivo', 5001),
(6002, '2025-09-20', 'Calibración', 5001),
(6003, '2025-11-05', 'Correctivo', 5002),
(6004, '2025-10-28', 'Preventivo', 5003),
(6007, '2025-11-12', 'Preventivo', 5003),
(6008, '2025-09-30', 'Revisión de emergencia', 5003);

-- ============================================
-- 13. HISTORIAS CLÍNICAS (1 por paciente)
-- ============================================
INSERT INTO historias_clinicas (historia_id, fecha_registro, diagnostico, tratamiento, paciente_id) VALUES
(7001, '2025-06-01 08:00:00', 'Control rutinario - Sin hallazgos relevantes', 'Mantener hábitos saludables', 2001),
(7002, '2025-06-01 09:00:00', 'Control preventivo - Estado saludable', 'Continuar con ejercicio regular', 2002),
(7003, '2025-06-01 10:00:00', 'Hipertensión arterial controlada', 'Tratamiento antihipertensivo continuo', 2003),
(7004, '2025-06-01 11:00:00', 'Diabetes tipo 2 en control', 'Manejo con hipoglucemiantes orales', 2004),
(7005, '2025-06-01 14:00:00', 'Cardiopatía isquémica crónica', 'Tratamiento con antiagregantes y estatinas', 2005),
(7006, '2025-06-01 15:00:00', 'Paciente sana - Control anual', 'Mantener estilo de vida saludable', 2006),
(7007, '2025-06-01 16:00:00', 'Artritis reumatoide en tratamiento', 'Terapia con DMARDs', 2007);

-- ============================================
-- 14. CITAS COMPLETADAS (126 citas: 3/mes × 6 meses × 7 pacientes)
-- Junio a Noviembre 2025
-- ============================================
INSERT INTO citas (cita_id, paciente_id, departamento_id, sede_id, doctor_id, fecha_hora, estado, tipo_servicio) VALUES
-- PACIENTE 2001 (José) - Pediatría con Doctor 4003
-- Junio
(8001, 2001, 5, 2, 4003, '2025-06-05 09:00:00', 'Completada', 'Consulta General'),
(8002, 2001, 5, 2, 4003, '2025-06-12 10:30:00', 'Completada', 'Control'),
(8003, 2001, 5, 2, 4003, '2025-06-20 14:00:00', 'Completada', 'Seguimiento'),
-- Julio
(8004, 2001, 5, 2, 4003, '2025-07-03 09:00:00', 'Completada', 'Control'),
(8005, 2001, 5, 2, 4003, '2025-07-15 11:00:00', 'Completada', 'Consulta General'),
(8006, 2001, 5, 2, 4003, '2025-07-25 15:00:00', 'Completada', 'Seguimiento'),
-- Agosto
(8007, 2001, 5, 2, 4003, '2025-08-02 08:30:00', 'Completada', 'Control'),
(8008, 2001, 5, 2, 4003, '2025-08-14 10:00:00', 'Completada', 'Consulta General'),
(8009, 2001, 5, 2, 4003, '2025-08-28 14:30:00', 'Completada', 'Seguimiento'),
-- Septiembre
(8010, 2001, 5, 2, 4003, '2025-09-05 09:00:00', 'Completada', 'Control'),
(8011, 2001, 5, 2, 4003, '2025-09-18 11:30:00', 'Completada', 'Consulta General'),
(8012, 2001, 5, 2, 4003, '2025-09-26 15:00:00', 'Completada', 'Seguimiento'),
-- Octubre
(8013, 2001, 5, 2, 4003, '2025-10-04 08:00:00', 'Completada', 'Control'),
(8014, 2001, 5, 2, 4003, '2025-10-16 10:30:00', 'Completada', 'Consulta General'),
(8015, 2001, 5, 2, 4003, '2025-10-29 14:00:00', 'Completada', 'Seguimiento'),
-- Noviembre
(8016, 2001, 5, 2, 4003, '2025-11-07 09:30:00', 'Completada', 'Control'),
(8017, 2001, 5, 2, 4003, '2025-11-19 11:00:00', 'Completada', 'Consulta General'),
(8018, 2001, 5, 2, 4003, '2025-11-28 15:30:00', 'Completada', 'Seguimiento'),

-- PACIENTE 2002 (Diana) - Cardiología Sede 2 con Doctor 4001
-- Junio
(8019, 2002, 4, 2, 4001, '2025-06-06 08:00:00', 'Completada', 'Consulta Cardiológica'),
(8020, 2002, 4, 2, 4001, '2025-06-13 10:00:00', 'Completada', 'Control'),
(8021, 2002, 4, 2, 4001, '2025-06-22 14:30:00', 'Completada', 'Seguimiento'),
-- Julio
(8022, 2002, 4, 2, 4001, '2025-07-05 09:30:00', 'Completada', 'Control'),
(8023, 2002, 4, 2, 4001, '2025-07-17 11:30:00', 'Completada', 'Consulta Cardiológica'),
(8024, 2002, 4, 2, 4001, '2025-07-27 15:00:00', 'Completada', 'Seguimiento'),
-- Agosto
(8025, 2002, 4, 2, 4001, '2025-08-04 08:00:00', 'Completada', 'Control'),
(8026, 2002, 4, 2, 4001, '2025-08-16 10:30:00', 'Completada', 'Consulta Cardiológica'),
(8027, 2002, 4, 2, 4001, '2025-08-29 14:00:00', 'Completada', 'Seguimiento'),
-- Septiembre
(8028, 2002, 4, 2, 4001, '2025-09-06 09:00:00', 'Completada', 'Control'),
(8029, 2002, 4, 2, 4001, '2025-09-19 11:00:00', 'Completada', 'Consulta Cardiológica'),
(8030, 2002, 4, 2, 4001, '2025-09-27 15:30:00', 'Completada', 'Seguimiento'),
-- Octubre
(8031, 2002, 4, 2, 4001, '2025-10-05 08:30:00', 'Completada', 'Control'),
(8032, 2002, 4, 2, 4001, '2025-10-17 10:00:00', 'Completada', 'Consulta Cardiológica'),
(8033, 2002, 4, 2, 4001, '2025-10-30 14:30:00', 'Completada', 'Seguimiento'),
-- Noviembre
(8034, 2002, 4, 2, 4001, '2025-11-08 09:00:00', 'Completada', 'Control'),
(8035, 2002, 4, 2, 4001, '2025-11-20 11:30:00', 'Completada', 'Consulta Cardiológica'),
(8036, 2002, 4, 2, 4001, '2025-11-29 15:00:00', 'Completada', 'Seguimiento'),

-- PACIENTE 2003 (Juan) - Cardiología Sede 1 con Doctor 4001
-- Junio
(8037, 2003, 1, 1, 4001, '2025-06-04 08:30:00', 'Completada', 'Consulta Cardiológica'),
(8038, 2003, 1, 1, 4001, '2025-06-11 10:00:00', 'Completada', 'Control'),
(8039, 2003, 1, 1, 4001, '2025-06-18 14:00:00', 'Completada', 'Seguimiento'),
-- Julio
(8040, 2003, 1, 1, 4001, '2025-07-02 09:00:00', 'Completada', 'Control'),
(8041, 2003, 1, 1, 4001, '2025-07-14 11:00:00', 'Completada', 'Consulta Cardiológica'),
(8042, 2003, 1, 1, 4001, '2025-07-23 15:30:00', 'Completada', 'Seguimiento'),
-- Agosto
(8043, 2003, 1, 1, 4001, '2025-08-01 08:00:00', 'Completada', 'Control'),
(8044, 2003, 1, 1, 4001, '2025-08-13 10:30:00', 'Completada', 'Consulta Cardiológica'),
(8045, 2003, 1, 1, 4001, '2025-08-26 14:00:00', 'Completada', 'Seguimiento'),
-- Septiembre
(8046, 2003, 1, 1, 4001, '2025-09-03 09:30:00', 'Completada', 'Control'),
(8047, 2003, 1, 1, 4001, '2025-09-15 11:00:00', 'Completada', 'Consulta Cardiológica'),
(8048, 2003, 1, 1, 4001, '2025-09-24 15:00:00', 'Completada', 'Seguimiento'),
-- Octubre
(8049, 2003, 1, 1, 4001, '2025-10-02 08:00:00', 'Completada', 'Control'),
(8050, 2003, 1, 1, 4001, '2025-10-14 10:00:00', 'Completada', 'Consulta Cardiológica'),
(8051, 2003, 1, 1, 4001, '2025-10-27 14:30:00', 'Completada', 'Seguimiento'),
-- Noviembre
(8052, 2003, 1, 1, 4001, '2025-11-05 09:00:00', 'Completada', 'Control'),
(8053, 2003, 1, 1, 4001, '2025-11-17 11:00:00', 'Completada', 'Consulta Cardiológica'),
(8054, 2003, 1, 1, 4001, '2025-11-26 15:00:00', 'Completada', 'Seguimiento'),

-- PACIENTE 2004 (Laura) - Traumatología con Doctor 4002
-- Junio
(8055, 2004, 2, 1, 4002, '2025-06-07 09:00:00', 'Completada', 'Consulta Traumatológica'),
(8056, 2004, 2, 1, 4002, '2025-06-14 11:00:00', 'Completada', 'Control'),
(8057, 2004, 2, 1, 4002, '2025-06-23 15:00:00', 'Completada', 'Seguimiento'),
-- Julio
(8058, 2004, 2, 1, 4002, '2025-07-06 08:30:00', 'Completada', 'Control'),
(8059, 2004, 2, 1, 4002, '2025-07-18 10:30:00', 'Completada', 'Consulta Traumatológica'),
(8060, 2004, 2, 1, 4002, '2025-07-28 14:00:00', 'Completada', 'Seguimiento'),
-- Agosto
(8061, 2004, 2, 1, 4002, '2025-08-05 09:00:00', 'Completada', 'Control'),
(8062, 2004, 2, 1, 4002, '2025-08-17 11:00:00', 'Completada', 'Consulta Traumatológica'),
(8063, 2004, 2, 1, 4002, '2025-08-30 15:00:00', 'Completada', 'Seguimiento'),
-- Septiembre
(8064, 2004, 2, 1, 4002, '2025-09-07 08:00:00', 'Completada', 'Control'),
(8065, 2004, 2, 1, 4002, '2025-09-20 10:00:00', 'Completada', 'Consulta Traumatológica'),
(8066, 2004, 2, 1, 4002, '2025-09-28 14:30:00', 'Completada', 'Seguimiento'),
-- Octubre
(8067, 2004, 2, 1, 4002, '2025-10-06 09:00:00', 'Completada', 'Control'),
(8068, 2004, 2, 1, 4002, '2025-10-18 11:00:00', 'Completada', 'Consulta Traumatológica'),
(8069, 2004, 2, 1, 4002, '2025-10-31 15:00:00', 'Completada', 'Seguimiento'),
-- Noviembre
(8070, 2004, 2, 1, 4002, '2025-11-09 08:30:00', 'Completada', 'Control'),
(8071, 2004, 2, 1, 4002, '2025-11-21 10:30:00', 'Completada', 'Consulta Traumatológica'),
(8072, 2004, 2, 1, 4002, '2025-11-30 14:00:00', 'Completada', 'Seguimiento'),

-- PACIENTE 2005 (Pedro) - Cardiología Sede 1 con Doctor 4001
-- Junio
(8073, 2005, 1, 1, 4001, '2025-06-03 08:00:00', 'Completada', 'Consulta Cardiológica'),
(8074, 2005, 1, 1, 4001, '2025-06-10 10:30:00', 'Completada', 'Control'),
(8075, 2005, 1, 1, 4001, '2025-06-17 14:30:00', 'Completada', 'Seguimiento'),
-- Julio
(8076, 2005, 1, 1, 4001, '2025-07-01 09:00:00', 'Completada', 'Control'),
(8077, 2005, 1, 1, 4001, '2025-07-13 11:30:00', 'Completada', 'Consulta Cardiológica'),
(8078, 2005, 1, 1, 4001, '2025-07-22 15:00:00', 'Completada', 'Seguimiento'),
-- Agosto
(8079, 2005, 1, 1, 4001, '2025-08-03 08:30:00', 'Completada', 'Control'),
(8080, 2005, 1, 1, 4001, '2025-08-15 10:00:00', 'Completada', 'Consulta Cardiológica'),
(8081, 2005, 1, 1, 4001, '2025-08-27 14:30:00', 'Completada', 'Seguimiento'),
-- Septiembre
(8082, 2005, 1, 1, 4001, '2025-09-04 09:00:00', 'Completada', 'Control'),
(8083, 2005, 1, 1, 4001, '2025-09-16 11:30:00', 'Completada', 'Consulta Cardiológica'),
(8084, 2005, 1, 1, 4001, '2025-09-25 15:00:00', 'Completada', 'Seguimiento'),
-- Octubre
(8085, 2005, 1, 1, 4001, '2025-10-03 08:00:00', 'Completada', 'Control'),
(8086, 2005, 1, 1, 4001, '2025-10-15 10:30:00', 'Completada', 'Consulta Cardiológica'),
(8087, 2005, 1, 1, 4001, '2025-10-28 14:00:00', 'Completada', 'Seguimiento'),
-- Noviembre
(8088, 2005, 1, 1, 4001, '2025-11-06 09:30:00', 'Completada', 'Control'),
(8089, 2005, 1, 1, 4001, '2025-11-18 11:00:00', 'Completada', 'Consulta Cardiológica'),
(8090, 2005, 1, 1, 4001, '2025-11-27 15:30:00', 'Completada', 'Seguimiento'),

-- PACIENTE 2006 (Sofía) - Pediatría con Doctor 4003
-- Junio
(8091, 2006, 5, 2, 4003, '2025-06-08 09:30:00', 'Completada', 'Consulta Pediátrica'),
(8092, 2006, 5, 2, 4003, '2025-06-15 11:30:00', 'Completada', 'Control'),
(8093, 2006, 5, 2, 4003, '2025-06-24 15:30:00', 'Completada', 'Seguimiento'),
-- Julio
(8094, 2006, 5, 2, 4003, '2025-07-07 08:00:00', 'Completada', 'Control'),
(8095, 2006, 5, 2, 4003, '2025-07-19 10:00:00', 'Completada', 'Consulta Pediátrica'),
(8096, 2006, 5, 2, 4003, '2025-07-29 14:30:00', 'Completada', 'Seguimiento'),
-- Agosto
(8097, 2006, 5, 2, 4003, '2025-08-06 09:30:00', 'Completada', 'Control'),
(8098, 2006, 5, 2, 4003, '2025-08-18 11:30:00', 'Completada', 'Consulta Pediátrica'),
(8099, 2006, 5, 2, 4003, '2025-08-31 15:30:00', 'Completada', 'Seguimiento'),
-- Septiembre
(8100, 2006, 5, 2, 4003, '2025-09-08 08:30:00', 'Completada', 'Control'),
(8101, 2006, 5, 2, 4003, '2025-09-21 10:30:00', 'Completada', 'Consulta Pediátrica'),
(8102, 2006, 5, 2, 4003, '2025-09-29 14:00:00', 'Completada', 'Seguimiento'),
-- Octubre
(8103, 2006, 5, 2, 4003, '2025-10-07 09:30:00', 'Completada', 'Control'),
(8104, 2006, 5, 2, 4003, '2025-10-19 11:30:00', 'Completada', 'Consulta Pediátrica'),
(8105, 2006, 5, 2, 4003, '2025-11-01 15:30:00', 'Completada', 'Seguimiento'),
-- Noviembre
(8106, 2006, 5, 2, 4003, '2025-11-10 08:00:00', 'Completada', 'Control'),
(8107, 2006, 5, 2, 4003, '2025-11-22 10:00:00', 'Completada', 'Consulta Pediátrica'),
(8108, 2006, 5, 2, 4003, '2025-12-01 14:30:00', 'Completada', 'Seguimiento'),

-- PACIENTE 2007 (Andrés) - Traumatología con Doctor 4002
-- Junio
(8109, 2007, 2, 1, 4002, '2025-06-09 08:00:00', 'Completada', 'Consulta Traumatológica'),
(8110, 2007, 2, 1, 4002, '2025-06-16 10:00:00', 'Completada', 'Control'),
(8111, 2007, 2, 1, 4002, '2025-06-25 14:00:00', 'Completada', 'Seguimiento'),
-- Julio
(8112, 2007, 2, 1, 4002, '2025-07-08 09:00:00', 'Completada', 'Control'),
(8113, 2007, 2, 1, 4002, '2025-07-20 11:00:00', 'Completada', 'Consulta Traumatológica'),
(8114, 2007, 2, 1, 4002, '2025-07-30 15:30:00', 'Completada', 'Seguimiento'),
-- Agosto
(8115, 2007, 2, 1, 4002, '2025-08-07 08:00:00', 'Completada', 'Control'),
(8116, 2007, 2, 1, 4002, '2025-08-19 10:00:00', 'Completada', 'Consulta Traumatológica'),
(8117, 2007, 2, 1, 4002, '2025-09-01 14:00:00', 'Completada', 'Seguimiento'),
-- Septiembre
(8118, 2007, 2, 1, 4002, '2025-09-09 09:00:00', 'Completada', 'Control'),
(8119, 2007, 2, 1, 4002, '2025-09-22 11:00:00', 'Completada', 'Consulta Traumatológica'),
(8120, 2007, 2, 1, 4002, '2025-09-30 15:00:00', 'Completada', 'Seguimiento'),
-- Octubre
(8121, 2007, 2, 1, 4002, '2025-10-08 08:30:00', 'Completada', 'Control'),
(8122, 2007, 2, 1, 4002, '2025-10-20 10:30:00', 'Completada', 'Consulta Traumatológica'),
(8123, 2007, 2, 1, 4002, '2025-11-02 14:30:00', 'Completada', 'Seguimiento'),
-- Noviembre
(8124, 2007, 2, 1, 4002, '2025-11-11 09:00:00', 'Completada', 'Control'),
(8125, 2007, 2, 1, 4002, '2025-11-23 11:00:00', 'Completada', 'Consulta Traumatológica'),
(8126, 2007, 2, 1, 4002, '2025-12-02 15:00:00', 'Completada', 'Seguimiento'),

-- ============================================
-- 15. CITAS PROGRAMADAS (6 citas desde 12 dic 2025)
-- ============================================
(9001, 2003, 1, 1, 4001, '2025-12-15 09:00:00', 'Programada', 'Control Cardiológico'),
(9002, 2004, 2, 1, 4002, '2025-12-18 10:30:00', 'Programada', 'Control Traumatológico'),
(9003, 2005, 1, 1, 4001, '2025-12-20 14:00:00', 'Programada', 'Consulta Cardiológica'),
(9004, 2006, 5, 2, 4003, '2025-12-22 11:00:00', 'Programada', 'Control Pediátrico'),
(9005, 2001, 5, 2, 4003, '2025-12-27 09:30:00', 'Programada', 'Consulta Pediátrica'),
(9006, 2007, 2, 1, 4002, '2025-12-30 15:00:00', 'Programada', 'Seguimiento Traumatológico');

-- ============================================
-- 16. MEDICAMENTOS (Por departamento)
-- ============================================
INSERT INTO medicamentos (medicamento_id, departamento_id, sede_id, nombre, descripcion, stock, proveedor) VALUES
-- Cardiología Sede 1 (Dept 1)
(10001, 1, 1, 'Atorvastatina 40mg', 'Estatina para control de colesterol', 500, 'FarmaCol'),
(10002, 1, 1, 'Enalapril 10mg', 'Antihipertensivo IECA', 450, 'MediSur'),
(10003, 1, 1, 'Aspirina 100mg', 'Antiagregante plaquetario', 800, 'FarmaCol'),
(10004, 1, 1, 'Metoprolol 50mg', 'Betabloqueador', 350, 'BioMed'),

-- Traumatología Sede 1 (Dept 2)
(10005, 2, 1, 'Ibuprofeno 600mg', 'Antiinflamatorio no esteroideo', 600, 'FarmaCol'),
(10006, 2, 1, 'Acetaminofén 500mg', 'Analgésico y antipirético', 700, 'MediSur'),
(10007, 2, 1, 'Diclofenaco 75mg', 'Antiinflamatorio', 400, 'BioMed'),
(10008, 2, 1, 'Tramadol 50mg', 'Analgésico opioide', 250, 'FarmaCol'),

-- Medicina General Sede 1 (Dept 3)
(10009, 3, 1, 'Amoxicilina 500mg', 'Antibiótico betalactámico', 550, 'MediSur'),
(10010, 3, 1, 'Omeprazol 20mg', 'Inhibidor de bomba de protones', 650, 'FarmaCol'),
(10011, 3, 1, 'Losartán 50mg', 'Antihipertensivo', 480, 'BioMed'),
(10012, 3, 1, 'Metformina 850mg', 'Hipoglucemiante oral', 520, 'MediSur'),

-- Cardiología Sede 2 (Dept 4)
(10013, 4, 2, 'Atorvastatina 40mg', 'Estatina para control de colesterol', 480, 'FarmaCol'),
(10014, 4, 2, 'Carvedilol 25mg', 'Betabloqueador', 320, 'BioMed'),
(10015, 4, 2, 'Clopidogrel 75mg', 'Antiagregante plaquetario', 380, 'MediSur'),
(10016, 4, 2, 'Furosemida 40mg', 'Diurético de asa', 420, 'FarmaCol'),

-- Pediatría Sede 2 (Dept 5)
(10017, 5, 2, 'Amoxicilina Suspensión', 'Antibiótico pediátrico', 350, 'MediSur'),
(10018, 5, 2, 'Acetaminofén Jarabe', 'Antipirético pediátrico', 450, 'FarmaCol'),
(10019, 5, 2, 'Salbutamol Inhalador', 'Broncodilatador', 280, 'BioMed'),
(10020, 5, 2, 'Cetirizina Gotas', 'Antihistamínico', 320, 'MediSur'),

-- Medicina General Sede 2 (Dept 6)
(10021, 6, 2, 'Azitromicina 500mg', 'Antibiótico macrólido', 380, 'FarmaCol'),
(10022, 6, 2, 'Ranitidina 150mg', 'Antagonista H2', 420, 'BioMed'),
(10023, 6, 2, 'Enalapril 20mg', 'Antihipertensivo', 360, 'MediSur'),
(10024, 6, 2, 'Glibenclamida 5mg', 'Hipoglucemiante oral', 290, 'FarmaCol');

-- ============================================
-- 17. PRESCRIPCIONES (378 prescripciones: 3 por cada cita completada)
-- ============================================

-- PACIENTE 2001 (José) - 18 citas × 3 prescripciones = 54 prescripciones
INSERT INTO prescripciones (prescripcion_id, medicamento_id, historia_id, cita_id, paciente_id, doctor_id, sede_id, departamento_id, dosis, frecuencia, duracion, fecha_emision) VALUES
-- Cita 8001
(11001, 10017, 7001, 8001, 2001, 4003, 2, 5, '5ml', 'Cada 8 horas', '7 días', '2025-06-05'),
(11002, 10018, 7001, 8001, 2001, 4003, 2, 5, '10ml', 'Cada 6 horas', '5 días', '2025-06-05'),
(11003, 10020, 7001, 8001, 2001, 4003, 2, 5, '10 gotas', 'Cada 12 horas', '10 días', '2025-06-05'),
-- Cita 8002
(11004, 10018, 7001, 8002, 2001, 4003, 2, 5, '10ml', 'Cada 8 horas', '3 días', '2025-06-12'),
(11005, 10020, 7001, 8002, 2001, 4003, 2, 5, '10 gotas', 'Cada 12 horas', '7 días', '2025-06-12'),
(11006, 10019, 7001, 8002, 2001, 4003, 2, 5, '2 puff', 'Cada 6 horas', '15 días', '2025-06-12'),
-- Cita 8003
(11007, 10017, 7001, 8003, 2001, 4003, 2, 5, '5ml', 'Cada 8 horas', '10 días', '2025-06-20'),
(11008, 10018, 7001, 8003, 2001, 4003, 2, 5, '10ml', 'Cada 6 horas', '5 días', '2025-06-20'),
(11009, 10020, 7001, 8003, 2001, 4003, 2, 5, '10 gotas', 'Cada 24 horas', '30 días', '2025-06-20'),
-- Cita 8004
(11010, 10018, 7001, 8004, 2001, 4003, 2, 5, '10ml', 'Según necesidad', '10 días', '2025-07-03'),
(11011, 10019, 7001, 8004, 2001, 4003, 2, 5, '2 puff', 'Cada 8 horas', '30 días', '2025-07-03'),
(11012, 10020, 7001, 8004, 2001, 4003, 2, 5, '10 gotas', 'Cada 12 horas', '15 días', '2025-07-03'),
-- Cita 8005
(11013, 10017, 7001, 8005, 2001, 4003, 2, 5, '5ml', 'Cada 12 horas', '5 días', '2025-07-15'),
(11014, 10018, 7001, 8005, 2001, 4003, 2, 5, '10ml', 'Cada 6 horas', '7 días', '2025-07-15'),
(11015, 10020, 7001, 8005, 2001, 4003, 2, 5, '10 gotas', 'Cada 24 horas', '20 días', '2025-07-15'),
-- Cita 8006
(11016, 10018, 7001, 8006, 2001, 4003, 2, 5, '10ml', 'Según necesidad', '10 días', '2025-07-25'),
(11017, 10019, 7001, 8006, 2001, 4003, 2, 5, '2 puff', 'Cada 6 horas', '15 días', '2025-07-25'),
(11018, 10020, 7001, 8006, 2001, 4003, 2, 5, '10 gotas', 'Cada 12 horas', '30 días', '2025-07-25'),
-- Cita 8007
(11019, 10017, 7001, 8007, 2001, 4003, 2, 5, '5ml', 'Cada 8 horas', '7 días', '2025-08-02'),
(11020, 10018, 7001, 8007, 2001, 4003, 2, 5, '10ml', 'Cada 8 horas', '5 días', '2025-08-02'),
(11021, 10020, 7001, 8007, 2001, 4003, 2, 5, '10 gotas', 'Cada 24 horas', '30 días', '2025-08-02'),
-- Cita 8008
(11022, 10018, 7001, 8008, 2001, 4003, 2, 5, '10ml', 'Cada 6 horas', '7 días', '2025-08-14'),
(11023, 10019, 7001, 8008, 2001, 4003, 2, 5, '2 puff', 'Cada 8 horas', '20 días', '2025-08-14'),
(11024, 10020, 7001, 8008, 2001, 4003, 2, 5, '10 gotas', 'Cada 12 horas', '15 días', '2025-08-14'),
-- Cita 8009
(11025, 10017, 7001, 8009, 2001, 4003, 2, 5, '5ml', 'Cada 12 horas', '10 días', '2025-08-28'),
(11026, 10018, 7001, 8009, 2001, 4003, 2, 5, '10ml', 'Cada 6 horas', '5 días', '2025-08-28'),
(11027, 10020, 7001, 8009, 2001, 4003, 2, 5, '10 gotas', 'Cada 24 horas', '30 días', '2025-08-28'),
-- Cita 8010
(11028, 10018, 7001, 8010, 2001, 4003, 2, 5, '10ml', 'Según necesidad', '10 días', '2025-09-05'),
(11029, 10019, 7001, 8010, 2001, 4003, 2, 5, '2 puff', 'Cada 6 horas', '30 días', '2025-09-05'),
(11030, 10020, 7001, 8010, 2001, 4003, 2, 5, '10 gotas', 'Cada 12 horas', '15 días', '2025-09-05'),
-- Cita 8011
(11031, 10017, 7001, 8011, 2001, 4003, 2, 5, '5ml', 'Cada 8 horas', '7 días', '2025-09-18'),
(11032, 10018, 7001, 8011, 2001, 4003, 2, 5, '10ml', 'Cada 6 horas', '5 días', '2025-09-18'),
(11033, 10020, 7001, 8011, 2001, 4003, 2, 5, '10 gotas', 'Cada 24 horas', '20 días', '2025-09-18'),
-- Cita 8012
(11034, 10018, 7001, 8012, 2001, 4003, 2, 5, '10ml', 'Cada 8 horas', '7 días', '2025-09-26'),
(11035, 10019, 7001, 8012, 2001, 4003, 2, 5, '2 puff', 'Cada 6 horas', '15 días', '2025-09-26'),
(11036, 10020, 7001, 8012, 2001, 4003, 2, 5, '10 gotas', 'Cada 12 horas', '30 días', '2025-09-26'),
-- Cita 8013
(11037, 10017, 7001, 8013, 2001, 4003, 2, 5, '5ml', 'Cada 12 horas', '10 días', '2025-10-04'),
(11038, 10018, 7001, 8013, 2001, 4003, 2, 5, '10ml', 'Cada 6 horas', '5 días', '2025-10-04'),
(11039, 10020, 7001, 8013, 2001, 4003, 2, 5, '10 gotas', 'Cada 24 horas', '30 días', '2025-10-04'),
-- Cita 8014
(11040, 10018, 7001, 8014, 2001, 4003, 2, 5, '10ml', 'Según necesidad', '10 días', '2025-10-16'),
(11041, 10019, 7001, 8014, 2001, 4003, 2, 5, '2 puff', 'Cada 8 horas', '20 días', '2025-10-16'),
(11042, 10020, 7001, 8014, 2001, 4003, 2, 5, '10 gotas', 'Cada 12 horas', '15 días', '2025-10-16'),
-- Cita 8015
(11043, 10017, 7001, 8015, 2001, 4003, 2, 5, '5ml', 'Cada 8 horas', '7 días', '2025-10-29'),
(11044, 10018, 7001, 8015, 2001, 4003, 2, 5, '10ml', 'Cada 6 horas', '5 días', '2025-10-29'),
(11045, 10020, 7001, 8015, 2001, 4003, 2, 5, '10 gotas', 'Cada 24 horas', '30 días', '2025-10-29'),
-- Cita 8016
(11046, 10018, 7001, 8016, 2001, 4003, 2, 5, '10ml', 'Cada 8 horas', '7 días', '2025-11-07'),
(11047, 10019, 7001, 8016, 2001, 4003, 2, 5, '2 puff', 'Cada 6 horas', '15 días', '2025-11-07'),
(11048, 10020, 7001, 8016, 2001, 4003, 2, 5, '10 gotas', 'Cada 12 horas', '30 días', '2025-11-07'),
-- Cita 8017
(11049, 10017, 7001, 8017, 2001, 4003, 2, 5, '5ml', 'Cada 12 horas', '10 días', '2025-11-19'),
(11050, 10018, 7001, 8017, 2001, 4003, 2, 5, '10ml', 'Cada 6 horas', '5 días', '2025-11-19'),
(11051, 10020, 7001, 8017, 2001, 4003, 2, 5, '10 gotas', 'Cada 24 horas', '20 días', '2025-11-19'),
-- Cita 8018
(11052, 10018, 7001, 8018, 2001, 4003, 2, 5, '10ml', 'Según necesidad', '10 días', '2025-11-28'),
(11053, 10019, 7001, 8018, 2001, 4003, 2, 5, '2 puff', 'Cada 8 horas', '30 días', '2025-11-28'),
(11054, 10020, 7001, 8018, 2001, 4003, 2, 5, '10 gotas', 'Cada 12 horas', '15 días', '2025-11-28'),

-- PACIENTE 2002 (Diana) - 18 citas × 3 prescripciones = 54 prescripciones
-- Cita 8019
(11055, 10013, 7002, 8019, 2002, 4001, 2, 4, '40mg', 'Cada 24 horas', '30 días', '2025-06-06'),
(11056, 10014, 7002, 8019, 2002, 4001, 2, 4, '25mg', 'Cada 12 horas', '30 días', '2025-06-06'),
(11057, 10015, 7002, 8019, 2002, 4001, 2, 4, '75mg', 'Cada 24 horas', '30 días', '2025-06-06'),
-- Cita 8020
(11058, 10013, 7002, 8020, 2002, 4001, 2, 4, '40mg', 'Cada 24 horas', '30 días', '2025-06-13'),
(11059, 10014, 7002, 8020, 2002, 4001, 2, 4, '25mg', 'Cada 12 horas', '30 días', '2025-06-13'),
(11060, 10016, 7002, 8020, 2002, 4001, 2, 4, '40mg', 'Cada 24 horas', '30 días', '2025-06-13'),
-- Cita 8021
(11061, 10013, 7002, 8021, 2002, 4001, 2, 4, '40mg', 'Cada 24 horas', '30 días', '2025-06-22'),
(11062, 10015, 7002, 8021, 2002, 4001, 2, 4, '75mg', 'Cada 24 horas', '30 días', '2025-06-22'),
(11063, 10016, 7002, 8021, 2002, 4001, 2, 4, '40mg', 'Cada 12 horas', '15 días', '2025-06-22'),
-- Cita 8022
(11064, 10013, 7002, 8022, 2002, 4001, 2, 4, '40mg', 'Cada 24 horas', '30 días', '2025-07-05'),
(11065, 10014, 7002, 8022, 2002, 4001, 2, 4, '25mg', 'Cada 12 horas', '30 días', '2025-07-05'),
(11066, 10015, 7002, 8022, 2002, 4001, 2, 4, '75mg', 'Cada 24 horas', '30 días', '2025-07-05'),
-- Cita 8023
(11067, 10013, 7002, 8023, 2002, 4001, 2, 4, '40mg', 'Cada 24 horas', '30 días', '2025-07-17'),
(11068, 10014, 7002, 8023, 2002, 4001, 2, 4, '25mg', 'Cada 12 horas', '30 días', '2025-07-17'),
(11069, 10016, 7002, 8023, 2002, 4001, 2, 4, '40mg', 'Cada 24 horas', '20 días', '2025-07-17'),
-- Cita 8024
(11070, 10013, 7002, 8024, 2002, 4001, 2, 4, '40mg', 'Cada 24 horas', '30 días', '2025-07-27'),
(11071, 10015, 7002, 8024, 2002, 4001, 2, 4, '75mg', 'Cada 24 horas', '30 días', '2025-07-27'),
(11072, 10016, 7002, 8024, 2002, 4001, 2, 4, '40mg', 'Cada 12 horas', '15 días', '2025-07-27'),
-- Cita 8025
(11073, 10013, 7002, 8025, 2002, 4001, 2, 4, '40mg', 'Cada 24 horas', '30 días', '2025-08-04'),
(11074, 10014, 7002, 8025, 2002, 4001, 2, 4, '25mg', 'Cada 12 horas', '30 días', '2025-08-04'),
(11075, 10015, 7002, 8025, 2002, 4001, 2, 4, '75mg', 'Cada 24 horas', '30 días', '2025-08-04'),
-- Cita 8026
(11076, 10013, 7002, 8026, 2002, 4001, 2, 4, '40mg', 'Cada 24 horas', '30 días', '2025-08-16'),
(11077, 10014, 7002, 8026, 2002, 4001, 2, 4, '25mg', 'Cada 12 horas', '30 días', '2025-08-16'),
(11078, 10016, 7002, 8026, 2002, 4001, 2, 4, '40mg', 'Cada 24 horas', '30 días', '2025-08-16'),
-- Cita 8027
(11079, 10013, 7002, 8027, 2002, 4001, 2, 4, '40mg', 'Cada 24 horas', '30 días', '2025-08-29'),
(11080, 10015, 7002, 8027, 2002, 4001, 2, 4, '75mg', 'Cada 24 horas', '30 días', '2025-08-29'),
(11081, 10016, 7002, 8027, 2002, 4001, 2, 4, '40mg', 'Cada 12 horas', '15 días', '2025-08-29'),
-- Cita 8028
(11082, 10013, 7002, 8028, 2002, 4001, 2, 4, '40mg', 'Cada 24 horas', '30 días', '2025-09-06'),
(11083, 10014, 7002, 8028, 2002, 4001, 2, 4, '25mg', 'Cada 12 horas', '30 días', '2025-09-06'),
(11084, 10015, 7002, 8028, 2002, 4001, 2, 4, '75mg', 'Cada 24 horas', '30 días', '2025-09-06'),
-- Cita 8029
(11085, 10013, 7002, 8029, 2002, 4001, 2, 4, '40mg', 'Cada 24 horas', '30 días', '2025-09-19'),
(11086, 10014, 7002, 8029, 2002, 4001, 2, 4, '25mg', 'Cada 12 horas', '30 días', '2025-09-19'),
(11087, 10016, 7002, 8029, 2002, 4001, 2, 4, '40mg', 'Cada 24 horas', '20 días', '2025-09-19'),
-- Cita 8030
(11088, 10013, 7002, 8030, 2002, 4001, 2, 4, '40mg', 'Cada 24 horas', '30 días', '2025-09-27'),
(11089, 10015, 7002, 8030, 2002, 4001, 2, 4, '75mg', 'Cada 24 horas', '30 días', '2025-09-27'),
(11090, 10016, 7002, 8030, 2002, 4001, 2, 4, '40mg', 'Cada 12 horas', '15 días', '2025-09-27'),
-- Cita 8031
(11091, 10013, 7002, 8031, 2002, 4001, 2, 4, '40mg', 'Cada 24 horas', '30 días', '2025-10-05'),
(11092, 10014, 7002, 8031, 2002, 4001, 2, 4, '25mg', 'Cada 12 horas', '30 días', '2025-10-05'),
(11093, 10015, 7002, 8031, 2002, 4001, 2, 4, '75mg', 'Cada 24 horas', '30 días', '2025-10-05'),
-- Cita 8032
(11094, 10013, 7002, 8032, 2002, 4001, 2, 4, '40mg', 'Cada 24 horas', '30 días', '2025-10-17'),
(11095, 10014, 7002, 8032, 2002, 4001, 2, 4, '25mg', 'Cada 12 horas', '30 días', '2025-10-17'),
(11096, 10016, 7002, 8032, 2002, 4001, 2, 4, '40mg', 'Cada 24 horas', '30 días', '2025-10-17'),
-- Cita 8033
(11097, 10013, 7002, 8033, 2002, 4001, 2, 4, '40mg', 'Cada 24 horas', '30 días', '2025-10-30'),
(11098, 10015, 7002, 8033, 2002, 4001, 2, 4, '75mg', 'Cada 24 horas', '30 días', '2025-10-30'),
(11099, 10016, 7002, 8033, 2002, 4001, 2, 4, '40mg', 'Cada 12 horas', '15 días', '2025-10-30'),
-- Cita 8034
(11100, 10013, 7002, 8034, 2002, 4001, 2, 4, '40mg', 'Cada 24 horas', '30 días', '2025-11-08'),
(11101, 10014, 7002, 8034, 2002, 4001, 2, 4, '25mg', 'Cada 12 horas', '30 días', '2025-11-08'),
(11102, 10015, 7002, 8034, 2002, 4001, 2, 4, '75mg', 'Cada 24 horas', '30 días', '2025-11-08'),
-- Cita 8035
(11103, 10013, 7002, 8035, 2002, 4001, 2, 4, '40mg', 'Cada 24 horas', '30 días', '2025-11-20'),
(11104, 10014, 7002, 8035, 2002, 4001, 2, 4, '25mg', 'Cada 12 horas', '30 días', '2025-11-20'),
(11105, 10016, 7002, 8035, 2002, 4001, 2, 4, '40mg', 'Cada 24 horas', '20 días', '2025-11-20'),
-- Cita 8036
(11106, 10013, 7002, 8036, 2002, 4001, 2, 4, '40mg', 'Cada 24 horas', '30 días', '2025-11-29'),
(11107, 10015, 7002, 8036, 2002, 4001, 2, 4, '75mg', 'Cada 24 horas', '30 días', '2025-11-29'),
(11108, 10016, 7002, 8036, 2002, 4001, 2, 4, '40mg', 'Cada 12 horas', '15 días', '2025-11-29'),

-- PACIENTE 2003 (Juan) - 18 citas × 3 prescripciones = 54 prescripciones
-- Cita 8037
(11109, 10001, 7003, 8037, 2003, 4001, 1, 1, '40mg', 'Cada 24 horas', '30 días', '2025-06-04'),
(11110, 10002, 7003, 8037, 2003, 4001, 1, 1, '10mg', 'Cada 12 horas', '30 días', '2025-06-04'),
(11111, 10003, 7003, 8037, 2003, 4001, 1, 1, '100mg', 'Cada 24 horas', '30 días', '2025-06-04'),
-- Cita 8038
(11112, 10001, 7003, 8038, 2003, 4001, 1, 1, '40mg', 'Cada 24 horas', '30 días', '2025-06-11'),
(11113, 10002, 7003, 8038, 2003, 4001, 1, 1, '10mg', 'Cada 12 horas', '30 días', '2025-06-11'),
(11114, 10004, 7003, 8038, 2003, 4001, 1, 1, '50mg', 'Cada 12 horas', '30 días', '2025-06-11'),
-- Cita 8039
(11115, 10001, 7003, 8039, 2003, 4001, 1, 1, '40mg', 'Cada 24 horas', '30 días', '2025-06-18'),
(11116, 10003, 7003, 8039, 2003, 4001, 1, 1, '100mg', 'Cada 24 horas', '30 días', '2025-06-18'),
(11117, 10004, 7003, 8039, 2003, 4001, 1, 1, '50mg', 'Cada 12 horas', '30 días', '2025-06-18'),
-- Cita 8040
(11118, 10001, 7003, 8040, 2003, 4001, 1, 1, '40mg', 'Cada 24 horas', '30 días', '2025-07-02'),
(11119, 10002, 7003, 8040, 2003, 4001, 1, 1, '10mg', 'Cada 12 horas', '30 días', '2025-07-02'),
(11120, 10003, 7003, 8040, 2003, 4001, 1, 1, '100mg', 'Cada 24 horas', '30 días', '2025-07-02'),
-- Cita 8041
(11121, 10001, 7003, 8041, 2003, 4001, 1, 1, '40mg', 'Cada 24 horas', '30 días', '2025-07-14'),
(11122, 10002, 7003, 8041, 2003, 4001, 1, 1, '10mg', 'Cada 12 horas', '30 días', '2025-07-14'),
(11123, 10004, 7003, 8041, 2003, 4001, 1, 1, '50mg', 'Cada 12 horas', '30 días', '2025-07-14'),
-- Cita 8042
(11124, 10001, 7003, 8042, 2003, 4001, 1, 1, '40mg', 'Cada 24 horas','30 días','2025-07-23'),
(11125, 10003, 7003, 8042, 2003, 4001, 1, 1, '100mg', 'Cada 24 horas', '30 días', '2025-07-23'),
(11126, 10004, 7003, 8042, 2003, 4001, 1, 1, '50mg', 'Cada 12 horas', '30 días', '2025-07-23'),
-- Cita 8043
(11127, 10001, 7003, 8043, 2003, 4001, 1, 1, '40mg', 'Cada 24 horas', '30 días', '2025-08-01'),
(11128, 10002, 7003, 8043, 2003, 4001, 1, 1, '10mg', 'Cada 12 horas', '30 días', '2025-08-01'),
(11129, 10003, 7003, 8043, 2003, 4001, 1, 1, '100mg', 'Cada 24 horas', '30 días', '2025-08-01'),
-- Cita 8044
(11130, 10001, 7003, 8044, 2003, 4001, 1, 1, '40mg', 'Cada 24 horas', '30 días', '2025-08-13'),
(11131, 10002, 7003, 8044, 2003, 4001, 1, 1, '10mg', 'Cada 12 horas', '30 días', '2025-08-13'),
(11132, 10004, 7003, 8044, 2003, 4001, 1, 1, '50mg', 'Cada 12 horas', '30 días', '2025-08-13'),
-- Cita 8045
(11133, 10001, 7003, 8045, 2003, 4001, 1, 1, '40mg', 'Cada 24 horas', '30 días', '2025-08-26'),
(11134, 10003, 7003, 8045, 2003, 4001, 1, 1, '100mg', 'Cada 24 horas', '30 días', '2025-08-26'),
(11135, 10004, 7003, 8045, 2003, 4001, 1, 1, '50mg', 'Cada 12 horas', '30 días', '2025-08-26'),
-- Cita 8046
(11136, 10001, 7003, 8046, 2003, 4001, 1, 1, '40mg', 'Cada 24 horas', '30 días', '2025-09-03'),
(11137, 10002, 7003, 8046, 2003, 4001, 1, 1, '10mg', 'Cada 12 horas', '30 días', '2025-09-03'),
(11138, 10003, 7003, 8046, 2003, 4001, 1, 1, '100mg', 'Cada 24 horas', '30 días', '2025-09-03'),
-- Cita 8047
(11139, 10001, 7003, 8047, 2003, 4001, 1, 1, '40mg', 'Cada 24 horas', '30 días', '2025-09-15'),
(11140, 10002, 7003, 8047, 2003, 4001, 1, 1, '10mg', 'Cada 12 horas', '30 días', '2025-09-15'),
(11141, 10004, 7003, 8047, 2003, 4001, 1, 1, '50mg', 'Cada 12 horas', '30 días', '2025-09-15'),
-- Cita 8048
(11142, 10001, 7003, 8048, 2003, 4001, 1, 1, '40mg', 'Cada 24 horas', '30 días', '2025-09-24'),
(11143, 10003, 7003, 8048, 2003, 4001, 1, 1, '100mg', 'Cada 24 horas', '30 días', '2025-09-24'),
(11144, 10004, 7003, 8048, 2003, 4001, 1, 1, '50mg', 'Cada 12 horas', '30 días', '2025-09-24'),
-- Cita 8049
(11145, 10001, 7003, 8049, 2003, 4001, 1, 1, '40mg', 'Cada 24 horas', '30 días', '2025-10-02'),
(11146, 10002, 7003, 8049, 2003, 4001, 1, 1, '10mg', 'Cada 12 horas', '30 días', '2025-10-02'),
(11147, 10003, 7003, 8049, 2003, 4001, 1, 1, '100mg', 'Cada 24 horas', '30 días', '2025-10-02'),
-- Cita 8050
(11148, 10001, 7003, 8050, 2003, 4001, 1, 1, '40mg', 'Cada 24 horas', '30 días', '2025-10-14'),
(11149, 10002, 7003, 8050, 2003, 4001, 1, 1, '10mg', 'Cada 12 horas', '30 días', '2025-10-14'),
(11150, 10004, 7003, 8050, 2003, 4001, 1, 1, '50mg', 'Cada 12 horas', '30 días', '2025-10-14'),
-- Cita 8051
(11151, 10001, 7003, 8051, 2003, 4001, 1, 1, '40mg', 'Cada 24 horas', '30 días', '2025-10-27'),
(11152, 10003, 7003, 8051, 2003, 4001, 1, 1, '100mg', 'Cada 24 horas', '30 días', '2025-10-27'),
(11153, 10004, 7003, 8051, 2003, 4001, 1, 1, '50mg', 'Cada 12 horas', '30 días', '2025-10-27'),
-- Cita 8052
(11154, 10001, 7003, 8052, 2003, 4001, 1, 1, '40mg', 'Cada 24 horas', '30 días', '2025-11-05'),
(11155, 10002, 7003, 8052, 2003, 4001, 1, 1, '10mg', 'Cada 12 horas', '30 días', '2025-11-05'),
(11156, 10003, 7003, 8052, 2003, 4001, 1, 1, '100mg', 'Cada 24 horas', '30 días', '2025-11-05'),
-- Cita 8053
(11157, 10001, 7003, 8053, 2003, 4001, 1, 1, '40mg', 'Cada 24 horas', '30 días', '2025-11-17'),
(11158, 10002, 7003, 8053, 2003, 4001, 1, 1, '10mg', 'Cada 12 horas', '30 días', '2025-11-17'),
(11159, 10004, 7003, 8053, 2003, 4001, 1, 1, '50mg', 'Cada 12 horas', '30 días', '2025-11-17'),
-- Cita 8054
(11160, 10001, 7003, 8054, 2003, 4001, 1, 1, '40mg', 'Cada 24 horas', '30 días', '2025-11-26'),
(11161, 10003, 7003, 8054, 2003, 4001, 1, 1, '100mg', 'Cada 24 horas', '30 días', '2025-11-26'),
(11162, 10004, 7003, 8054, 2003, 4001, 1, 1, '50mg', 'Cada 12 horas', '30 días', '2025-11-26'),

-- PACIENTE 2004 (Laura) - 18 citas × 3 prescripciones = 54 prescripciones
-- Cita 8055
(11163, 10005, 7004, 8055, 2004, 4002, 1, 2, '600mg', 'Cada 8 horas', '7 días', '2025-06-07'),
(11164, 10006, 7004, 8055, 2004, 4002, 1, 2, '500mg', 'Cada 6 horas', '5 días', '2025-06-07'),
(11165, 10007, 7004, 8055, 2004, 4002, 1, 2, '75mg', 'Cada 12 horas', '10 días', '2025-06-07'),
-- Cita 8056
(11166, 10005, 7004, 8056, 2004, 4002, 1, 2, '600mg', 'Cada 8 horas', '10 días', '2025-06-14'),
(11167, 10006, 7004, 8056, 2004, 4002, 1, 2, '500mg', 'Cada 8 horas', '7 días', '2025-06-14'),
(11168, 10008, 7004, 8056, 2004, 4002, 1, 2, '50mg', 'Cada 12 horas', '5 días', '2025-06-14'),
-- Cita 8057
(11169, 10005, 7004, 8057, 2004, 4002, 1, 2, '600mg', 'Cada 8 horas', '7 días', '2025-06-23'),
(11170, 10007, 7004, 8057, 2004, 4002, 1, 2, '75mg', 'Cada 12 horas', '15 días', '2025-06-23'),
(11171, 10008, 7004, 8057, 2004, 4002, 1, 2, '50mg', 'Cada 8 horas', '7 días', '2025-06-23'),
-- Cita 8058
(11172, 10005, 7004, 8058, 2004, 4002, 1, 2, '600mg', 'Cada 8 horas', '10 días', '2025-07-06'),
(11173, 10006, 7004, 8058, 2004, 4002, 1, 2, '500mg', 'Cada 6 horas', '5 días', '2025-07-06'),
(11174, 10007, 7004, 8058, 2004, 4002, 1, 2, '75mg', 'Cada 12 horas', '10 días', '2025-07-06'),
-- Cita 8059
(11175, 10005, 7004, 8059, 2004, 4002, 1, 2, '600mg', 'Cada 8 horas', '7 días', '2025-07-18'),
(11176, 10006, 7004, 8059, 2004, 4002, 1, 2, '500mg', 'Cada 8 horas', '7 días', '2025-07-18'),
(11177, 10008, 7004, 8059, 2004, 4002, 1, 2, '50mg', 'Cada 12 horas', '5 días', '2025-07-18'),
-- Cita 8060
(11178, 10005, 7004, 8060, 2004, 4002, 1, 2, '600mg', 'Cada 8 horas', '7 días', '2025-07-28'),
(11179, 10007, 7004, 8060, 2004, 4002, 1, 2, '75mg', 'Cada 12 horas', '15 días', '2025-07-28'),
(11180, 10008, 7004, 8060, 2004, 4002, 1, 2, '50mg', 'Cada 8 horas', '7 días', '2025-07-28'),
-- Cita 8061
(11181, 10005, 7004, 8061, 2004, 4002, 1, 2, '600mg', 'Cada 8 horas', '10 días', '2025-08-05'),
(11182, 10006, 7004, 8061, 2004, 4002, 1, 2, '500mg', 'Cada 6 horas', '5 días', '2025-08-05'),
(11183, 10007, 7004, 8061, 2004, 4002, 1, 2, '75mg', 'Cada 12 horas', '10 días', '2025-08-05'),
-- Cita 8062
(11184, 10005, 7004, 8062, 2004, 4002, 1, 2, '600mg', 'Cada 8 horas', '7 días', '2025-08-17'),
(11185, 10006, 7004, 8062, 2004, 4002, 1, 2, '500mg', 'Cada 8 horas', '7 días', '2025-08-17'),
(11186, 10008, 7004, 8062, 2004, 4002, 1, 2, '50mg', 'Cada 12 horas', '5 días', '2025-08-17'),
-- Cita 8063
(11187, 10005, 7004, 8063, 2004, 4002, 1, 2, '600mg', 'Cada 8 horas', '7 días', '2025-08-30'),
(11188, 10007, 7004, 8063, 2004, 4002, 1, 2, '75mg', 'Cada 12 horas', '15 días', '2025-08-30'),
(11189, 10008, 7004, 8063, 2004, 4002, 1, 2, '50mg', 'Cada 8 horas', '7 días', '2025-08-30'),
-- Cita 8064
(11190, 10005, 7004, 8064, 2004, 4002, 1, 2, '600mg', 'Cada 8 horas', '10 días', '2025-09-07'),
(11191, 10006, 7004, 8064, 2004, 4002, 1, 2, '500mg', 'Cada 6 horas', '5 días', '2025-09-07'),
(11192, 10007, 7004, 8064, 2004, 4002, 1, 2, '75mg', 'Cada 12 horas', '10 días', '2025-09-07'),
-- Cita 8065
(11193, 10005, 7004, 8065, 2004, 4002, 1, 2, '600mg', 'Cada 8 horas', '7 días', '2025-09-20'),
(11194, 10006, 7004, 8065, 2004, 4002, 1, 2, '500mg', 'Cada 8 horas', '7 días', '2025-09-20'),
(11195, 10008, 7004, 8065, 2004, 4002, 1, 2, '50mg', 'Cada 12 horas', '5 días', '2025-09-20'),
-- Cita 8066
(11196, 10005, 7004, 8066, 2004, 4002, 1, 2, '600mg', 'Cada 8 horas', '7 días', '2025-09-28'),
(11197, 10007, 7004, 8066, 2004, 4002, 1, 2, '75mg', 'Cada 12 horas', '15 días', '2025-09-28'),
(11198, 10008, 7004, 8066, 2004, 4002, 1, 2, '50mg', 'Cada 8 horas', '7 días', '2025-09-28'),
-- Cita 8067
(11199, 10005, 7004, 8067, 2004, 4002, 1, 2, '600mg', 'Cada 8 horas', '10 días', '2025-10-06'),
(11200, 10006, 7004, 8067, 2004, 4002, 1, 2, '500mg', 'Cada 6 horas', '5 días', '2025-10-06'),
(11201, 10007, 7004, 8067, 2004, 4002, 1, 2, '75mg', 'Cada 12 horas', '10 días', '2025-10-06'),
-- Cita 8068
(11202, 10005, 7004, 8068, 2004, 4002, 1, 2, '600mg', 'Cada 8 horas', '7 días', '2025-10-18'),
(11203, 10006, 7004, 8068, 2004, 4002, 1, 2, '500mg', 'Cada 8 horas', '7 días', '2025-10-18'),
(11204, 10008, 7004, 8068, 2004, 4002, 1, 2, '50mg', 'Cada 12 horas', '5 días', '2025-10-18'),
-- Cita 8069
(11205, 10005, 7004, 8069, 2004, 4002, 1, 2, '600mg', 'Cada 8 horas', '7 días', '2025-10-31'),
(11206, 10007, 7004, 8069, 2004, 4002, 1, 2, '75mg', 'Cada 12 horas', '15 días', '2025-10-31'),
(11207, 10008, 7004, 8069, 2004, 4002, 1, 2, '50mg', 'Cada 8 horas', '7 días', '2025-10-31'),
-- Cita 8070
(11208, 10005, 7004, 8070, 2004, 4002, 1, 2, '600mg', 'Cada 8 horas', '10 días', '2025-11-09'),
(11209, 10006, 7004, 8070, 2004, 4002, 1, 2, '500mg', 'Cada 6 horas', '5 días', '2025-11-09'),
(11210, 10007, 7004, 8070, 2004, 4002, 1, 2, '75mg', 'Cada 12 horas', '10 días', '2025-11-09'),
-- Cita 8071
(11211, 10005, 7004, 8071, 2004, 4002, 1, 2, '600mg', 'Cada 8 horas', '7 días', '2025-11-21'),
(11212, 10006, 7004, 8071, 2004, 4002, 1, 2, '500mg', 'Cada 8 horas', '7 días', '2025-11-21'),
(11213, 10008, 7004, 8071, 2004, 4002, 1, 2, '50mg', 'Cada 12 horas', '5 días', '2025-11-21'),
-- Cita 8072
(11214, 10005, 7004, 8072, 2004, 4002, 1, 2, '600mg', 'Cada 8 horas', '7 días', '2025-11-30'),
(11215, 10007, 7004, 8072, 2004, 4002, 1, 2, '75mg', 'Cada 12 horas', '15 días', '2025-11-30'),
(11216, 10008, 7004, 8072, 2004, 4002, 1, 2, '50mg', 'Cada 8 horas', '7 días', '2025-11-30'),

-- PACIENTE 2005 (Pedro) - 18 citas × 3 prescripciones = 54 prescripciones
-- Cita 8073
(11217, 10001, 7005, 8073, 2005, 4001, 1, 1, '40mg', 'Cada 24 horas', '30 días', '2025-06-03'),
(11218, 10002, 7005, 8073, 2005, 4001, 1, 1, '10mg', 'Cada 12 horas', '30 días', '2025-06-03'),
(11219, 10003, 7005, 8073, 2005, 4001, 1, 1, '100mg', 'Cada 24 horas', '30 días', '2025-06-03'),
-- Cita 8074
(11220, 10001, 7005, 8074, 2005, 4001, 1, 1, '40mg', 'Cada 24 horas', '30 días', '2025-06-10'),
(11221, 10002, 7005, 8074, 2005, 4001, 1, 1, '10mg', 'Cada 12 horas', '30 días', '2025-06-10'),
(11222, 10004, 7005, 8074, 2005, 4001, 1, 1, '50mg', 'Cada 12 horas', '30 días', '2025-06-10'),
-- Cita 8075
(11223, 10001, 7005, 8075, 2005, 4001, 1, 1, '40mg', 'Cada 24 horas', '30 días', '2025-06-17'),
(11224, 10003, 7005, 8075, 2005, 4001, 1, 1, '100mg', 'Cada 24 horas', '30 días', '2025-06-17'),
(11225, 10004, 7005, 8075, 2005, 4001, 1, 1, '50mg', 'Cada 12 horas', '30 días', '2025-06-17'),
-- Cita 8076
(11226, 10001, 7005, 8076, 2005, 4001, 1, 1, '40mg', 'Cada 24 horas', '30 días', '2025-07-01'),
(11227, 10002, 7005, 8076, 2005, 4001, 1, 1, '10mg', 'Cada 12 horas', '30 días', '2025-07-01'),
(11228, 10003, 7005, 8076, 2005, 4001, 1, 1, '100mg', 'Cada 24 horas', '30 días', '2025-07-01'),
-- Cita 8077
(11229, 10001, 7005, 8077, 2005, 4001, 1, 1, '40mg', 'Cada 24 horas', '30 días', '2025-07-13'),
(11230, 10002, 7005, 8077, 2005, 4001, 1, 1, '10mg', 'Cada 12 horas', '30 días', '2025-07-13'),
(11231, 10004, 7005, 8077, 2005, 4001, 1, 1, '50mg', 'Cada 12 horas', '30 días', '2025-07-13'),
-- Cita 8078
(11232, 10001, 7005, 8078, 2005, 4001, 1, 1, '40mg', 'Cada 24 horas', '30 días', '2025-07-22'),
(11233, 10003, 7005, 8078, 2005, 4001, 1, 1, '100mg', 'Cada 24 horas', '30 días', '2025-07-22'),
(11234, 10004, 7005, 8078, 2005, 4001, 1, 1, '50mg', 'Cada 12 horas', '30 días', '2025-07-22'),
-- Cita 8079
(11235, 10001, 7005, 8079, 2005, 4001, 1, 1, '40mg', 'Cada 24 horas', '30 días', '2025-08-03'),
(11236, 10002, 7005, 8079, 2005, 4001, 1, 1, '10mg', 'Cada 12 horas', '30 días', '2025-08-03'),
(11237, 10003, 7005, 8079, 2005, 4001, 1, 1, '100mg', 'Cada 24 horas', '30 días', '2025-08-03'),
-- Cita 8080
(11238, 10001, 7005, 8080, 2005, 4001, 1, 1, '40mg', 'Cada 24 horas', '30 días', '2025-08-15'),
(11239, 10002, 7005, 8080, 2005, 4001, 1, 1, '10mg', 'Cada 12 horas', '30 días', '2025-08-15'),
(11240, 10004, 7005, 8080, 2005, 4001, 1, 1, '50mg', 'Cada 12 horas', '30 días', '2025-08-15'),
-- Cita 8081
(11241, 10001, 7005, 8081, 2005, 4001, 1, 1, '40mg', 'Cada 24 horas', '30 días', '2025-08-27'),
(11242, 10003, 7005, 8081, 2005, 4001, 1, 1, '100mg', 'Cada 24 horas', '30 días', '2025-08-27'),
(11243, 10004, 7005, 8081, 2005, 4001, 1, 1, '50mg', 'Cada 12 horas', '30 días', '2025-08-27'),
-- Cita 8082
(11244, 10001, 7005, 8082, 2005, 4001, 1, 1, '40mg', 'Cada 24 horas', '30 días', '2025-09-04'),
(11245, 10002, 7005, 8082, 2005, 4001, 1, 1, '10mg', 'Cada 12 horas', '30 días', '2025-09-04'),
(11246, 10003, 7005, 8082, 2005, 4001, 1, 1, '100mg', 'Cada 24 horas', '30 días', '2025-09-04'),
-- Cita 8083
(11247, 10001, 7005, 8083, 2005, 4001, 1, 1, '40mg', 'Cada 24 horas', '30 días', '2025-09-16'),
(11248, 10002, 7005, 8083, 2005, 4001, 1, 1, '10mg', 'Cada 12 horas', '30 días', '2025-09-16'),
(11249, 10004, 7005, 8083, 2005, 4001, 1, 1, '50mg', 'Cada 12 horas', '30 días', '2025-09-16'),
-- Cita 8084
(11250, 10001, 7005, 8084, 2005, 4001, 1, 1, '40mg', 'Cada 24 horas', '30 días', '2025-09-25'),
(11251, 10003, 7005, 8084, 2005, 4001, 1, 1, '100mg', 'Cada 24 horas', '30 días', '2025-09-25'),
(11252, 10004, 7005, 8084, 2005, 4001, 1, 1, '50mg', 'Cada 12 horas', '30 días', '2025-09-25'),
-- Cita 8085
(11253, 10001, 7005, 8085, 2005, 4001, 1, 1, '40mg', 'Cada 24 horas', '30 días', '2025-10-03'),
(11254, 10002, 7005, 8085, 2005, 4001, 1, 1, '10mg', 'Cada 12 horas', '30 días', '2025-10-03'),
(11255, 10003, 7005, 8085, 2005, 4001, 1, 1, '100mg', 'Cada 24 horas', '30 días', '2025-10-03'),
-- Cita 8086
(11256, 10001, 7005, 8086, 2005, 4001, 1, 1, '40mg', 'Cada 24 horas', '30 días', '2025-10-15'),
(11257, 10002, 7005, 8086, 2005, 4001, 1, 1, '10mg', 'Cada 12 horas', '30 días', '2025-10-15'),
(11258, 10004, 7005, 8086, 2005, 4001, 1, 1, '50mg', 'Cada 12 horas', '30 días', '2025-10-15'),
-- Cita 8087
(11259, 10001, 7005, 8087, 2005, 4001, 1, 1, '40mg', 'Cada 24 horas', '30 días', '2025-10-28'),
(11260, 10003, 7005, 8087, 2005, 4001, 1, 1, '100mg', 'Cada 24 horas', '30 días', '2025-10-28'),
(11261, 10004, 7005, 8087, 2005, 4001, 1, 1, '50mg', 'Cada 12 horas', '30 días', '2025-10-28'),
-- Cita 8088
(11262, 10001, 7005, 8088, 2005, 4001, 1, 1, '40mg', 'Cada 24 horas', '30 días', '2025-11-06'),
(11263, 10002, 7005, 8088, 2005, 4001, 1, 1, '10mg', 'Cada 12 horas', '30 días', '2025-11-06'),
(11264, 10003, 7005, 8088, 2005, 4001, 1, 1, '100mg', 'Cada 24 horas', '30 días', '2025-11-06'),
-- Cita 8089
(11265, 10001, 7005, 8089, 2005, 4001, 1, 1, '40mg', 'Cada 24 horas', '30 días', '2025-11-18'),
(11266, 10002, 7005, 8089, 2005, 4001, 1, 1, '10mg', 'Cada 12 horas', '30 días', '2025-11-18'),
(11267, 10004, 7005, 8089, 2005, 4001, 1, 1, '50mg', 'Cada 12 horas', '30 días', '2025-11-18'),
-- Cita 8090
(11268, 10001, 7005, 8090, 2005, 4001, 1, 1, '40mg', 'Cada 24 horas', '30 días', '2025-11-27'),
(11269, 10003, 7005, 8090, 2005, 4001, 1, 1, '100mg', 'Cada 24 horas', '30 días', '2025-11-27'),
(11270, 10004, 7005, 8090, 2005, 4001, 1, 1, '50mg', 'Cada 12 horas', '30 días', '2025-11-27'),

-- PACIENTE 2006 (Sofía) - 18 citas × 3 prescripciones = 54 prescripciones
-- Cita 8091
(11271, 10017, 7006, 8091, 2006, 4003, 2, 5, '5ml', 'Cada 8 horas', '7 días', '2025-06-08'),
(11272, 10018, 7006, 8091, 2006, 4003, 2, 5, '10ml', 'Cada 6 horas', '5 días', '2025-06-08'),
(11273, 10020, 7006, 8091, 2006, 4003, 2, 5, '10 gotas', 'Cada 12 horas', '10 días', '2025-06-08'),
-- Cita 8092
(11274, 10018, 7006, 8092, 2006, 4003, 2, 5, '10ml', 'Cada 8 horas', '3 días', '2025-06-15'),
(11275, 10020, 7006, 8092, 2006, 4003, 2, 5, '10 gotas', 'Cada 12 horas', '7 días', '2025-06-15'),
(11276, 10019, 7006, 8092, 2006, 4003, 2, 5, '2 puff', 'Cada 6 horas', '15 días', '2025-06-15'),
-- Cita 8093
(11277, 10017, 7006, 8093, 2006, 4003, 2, 5, '5ml', 'Cada 8 horas', '10 días', '2025-06-24'),
(11278, 10018, 7006, 8093, 2006, 4003, 2, 5, '10ml', 'Cada 6 horas', '5 días', '2025-06-24'),
(11279, 10020, 7006, 8093, 2006, 4003, 2, 5, '10 gotas', 'Cada 24 horas', '30 días', '2025-06-24'),
-- Cita 8094
(11280, 10018, 7006, 8094, 2006, 4003, 2, 5, '10ml', 'Según necesidad', '10 días', '2025-07-07'),
(11281, 10019, 7006, 8094, 2006, 4003, 2, 5, '2 puff', 'Cada 8 horas', '30 días', '2025-07-07'),
(11282, 10020, 7006, 8094, 2006, 4003, 2, 5, '10 gotas', 'Cada 12 horas', '15 días', '2025-07-07'),
-- Cita 8095
(11283, 10017, 7006, 8095, 2006, 4003, 2, 5, '5ml', 'Cada 12 horas', '5 días', '2025-07-19'),
(11284, 10018, 7006, 8095, 2006, 4003, 2, 5, '10ml', 'Cada 6 horas', '7 días', '2025-07-19'),
(11285, 10020, 7006, 8095, 2006, 4003, 2, 5, '10 gotas', 'Cada 24 horas', '20 días', '2025-07-19'),
-- Cita 8096
(11286, 10018, 7006, 8096, 2006, 4003, 2, 5, '10ml', 'Según necesidad', '10 días', '2025-07-29'),
(11287, 10019, 7006, 8096, 2006, 4003, 2, 5, '2 puff', 'Cada 6 horas', '15 días', '2025-07-29'),
(11288, 10020, 7006, 8096, 2006, 4003, 2, 5, '10 gotas', 'Cada 12 horas', '30 días', '2025-07-29'),
-- Cita 8097
(11289, 10017, 7006, 8097, 2006, 4003, 2, 5, '5ml', 'Cada 8 horas', '7 días', '2025-08-06'),
(11290, 10018, 7006, 8097, 2006, 4003, 2, 5, '10ml', 'Cada 8 horas', '5 días', '2025-08-06'),
(11291, 10020, 7006, 8097, 2006, 4003, 2, 5, '10 gotas', 'Cada 24 horas', '30 días', '2025-08-06'),
-- Cita 8098
(11292, 10018, 7006, 8098, 2006, 4003, 2, 5, '10ml', 'Cada 6 horas', '7 días', '2025-08-18'),
(11293, 10019, 7006, 8098, 2006, 4003, 2, 5, '2 puff', 'Cada 8 horas', '20 días', '2025-08-18'),
(11294, 10020, 7006, 8098, 2006, 4003, 2, 5, '10 gotas', 'Cada 12 horas', '15 días', '2025-08-18'),
-- Cita 8099
(11295, 10017, 7006, 8099, 2006, 4003, 2, 5, '5ml', 'Cada 12 horas', '10 días', '2025-08-31'),
(11296, 10018, 7006, 8099, 2006, 4003, 2, 5, '10ml', 'Cada 6 horas', '5 días', '2025-08-31'),
(11297, 10020, 7006, 8099, 2006, 4003, 2, 5, '10 gotas', 'Cada 24 horas', '30 días', '2025-08-31'),
-- Cita 8100
(11298, 10018, 7006, 8100, 2006, 4003, 2, 5, '10ml', 'Según necesidad', '10 días', '2025-09-08'),
(11299, 10019, 7006, 8100, 2006, 4003, 2, 5, '2 puff', 'Cada 6 horas', '30 días', '2025-09-08'),
(11300, 10020, 7006, 8100, 2006, 4003, 2, 5, '10 gotas', 'Cada 12 horas', '15 días', '2025-09-08'),
-- Cita 8101
(11301, 10017, 7006, 8101, 2006, 4003, 2, 5, '5ml', 'Cada 8 horas', '7 días', '2025-09-21'),
(11302, 10018, 7006, 8101, 2006, 4003, 2, 5, '10ml', 'Cada 6 horas', '5 días', '2025-09-21'),
(11303, 10020, 7006, 8101, 2006, 4003, 2, 5, '10 gotas', 'Cada 24 horas', '20 días', '2025-09-21'),
-- Cita 8102
(11304, 10018, 7006, 8102, 2006, 4003, 2, 5, '10ml', 'Cada 8 horas', '7 días', '2025-09-29'),
(11305, 10019, 7006, 8102, 2006, 4003, 2, 5, '2 puff', 'Cada 6 horas', '15 días', '2025-09-29'),
(11306, 10020, 7006, 8102, 2006, 4003, 2, 5, '10 gotas', 'Cada 12 horas', '30 días', '2025-09-29'),
-- Cita 8103
(11307, 10017, 7006, 8103, 2006, 4003, 2, 5, '5ml', 'Cada 12 horas', '10 días', '2025-10-07'),
(11308, 10018, 7006, 8103, 2006, 4003, 2, 5, '10ml', 'Cada 6 horas', '5 días', '2025-10-07'),
(11309, 10020, 7006, 8103, 2006, 4003, 2, 5, '10 gotas', 'Cada 24 horas', '30 días', '2025-10-07'),
-- Cita 8104
(11310, 10018, 7006, 8104, 2006, 4003, 2, 5, '10ml', 'Según necesidad', '10 días', '2025-10-19'),
(11311, 10019, 7006, 8104, 2006, 4003, 2, 5, '2 puff', 'Cada 8 horas', '20 días', '2025-10-19'),
(11312, 10020, 7006, 8104, 2006, 4003, 2, 5, '10 gotas', 'Cada 12 horas', '15 días', '2025-10-19'),
-- Cita 8105
(11313, 10017, 7006, 8105, 2006, 4003, 2, 5, '5ml', 'Cada 8 horas', '7 días', '2025-11-01'),
(11314, 10018, 7006, 8105, 2006, 4003, 2, 5, '10ml', 'Cada 6 horas', '5 días', '2025-11-01'),
(11315, 10020, 7006, 8105, 2006, 4003, 2, 5, '10 gotas', 'Cada 24 horas', '30 días', '2025-11-01'),
-- Cita 8106
(11316, 10018, 7006, 8106, 2006, 4003, 2, 5, '10ml', 'Cada 8 horas', '7 días', '2025-11-10'),
(11317, 10019, 7006, 8106, 2006, 4003, 2, 5, '2 puff', 'Cada 6 horas', '15 días', '2025-11-10'),
(11318, 10020, 7006, 8106, 2006, 4003, 2, 5, '10 gotas', 'Cada 12 horas', '30 días', '2025-11-10'),
-- Cita 8107
(11319, 10017, 7006, 8107, 2006, 4003, 2, 5, '5ml', 'Cada 12 horas', '10 días', '2025-11-22'),
(11320, 10018, 7006, 8107, 2006, 4003, 2, 5, '10ml', 'Cada 6 horas', '5 días', '2025-11-22'),
(11321, 10020, 7006, 8107, 2006, 4003, 2, 5, '10 gotas', 'Cada 24 horas', '20 días', '2025-11-22'),
-- Cita 8108
(11322, 10018, 7006, 8108, 2006, 4003, 2, 5, '10ml', 'Según necesidad', '10 días', '2025-12-01'),
(11323, 10019, 7006, 8108, 2006, 4003, 2, 5, '2 puff', 'Cada 8 horas', '30 días', '2025-12-01'),
(11324, 10020, 7006, 8108, 2006, 4003, 2, 5, '10 gotas', 'Cada 12 horas', '15 días', '2025-12-01'),

-- PACIENTE 2007 (Andrés) - 18 citas × 3 prescripciones = 54 prescripciones
-- Cita 8109
(11325, 10005, 7007, 8109, 2007, 4002, 1, 2, '600mg', 'Cada 8 horas', '7 días', '2025-06-09'),
(11326, 10006, 7007, 8109, 2007, 4002, 1, 2, '500mg', 'Cada 6 horas', '5 días', '2025-06-09'),
(11327, 10007, 7007, 8109, 2007, 4002, 1, 2, '75mg', 'Cada 12 horas', '10 días', '2025-06-09'),
-- Cita 8110
(11328, 10005, 7007, 8110, 2007, 4002, 1, 2, '600mg', 'Cada 8 horas', '10 días', '2025-06-16'),
(11329, 10006, 7007, 8110, 2007, 4002, 1, 2, '500mg', 'Cada 8 horas', '7 días', '2025-06-16'),
(11330, 10008, 7007, 8110, 2007, 4002, 1, 2, '50mg', 'Cada 12 horas', '5 días', '2025-06-16'),
-- Cita 8111
(11331, 10005, 7007, 8111, 2007, 4002, 1, 2, '600mg', 'Cada 8 horas', '7 días', '2025-06-25'),
(11332, 10007, 7007, 8111, 2007, 4002, 1, 2, '75mg', 'Cada 12 horas', '15 días', '2025-06-25'),
(11333, 10008, 7007, 8111, 2007, 4002, 1, 2, '50mg', 'Cada 8 horas', '7 días', '2025-06-25'),
-- Cita 8112
(11334, 10005, 7007, 8112, 2007, 4002, 1, 2, '600mg', 'Cada 8 horas', '10 días', '2025-07-08'),
(11335, 10006, 7007, 8112, 2007, 4002, 1, 2, '500mg', 'Cada 6 horas', '5 días', '2025-07-08'),
(11336, 10007, 7007, 8112, 2007, 4002, 1, 2, '75mg', 'Cada 12 horas', '10 días', '2025-07-08'),
-- Cita 8113
(11337, 10005, 7007, 8113, 2007, 4002, 1, 2, '600mg', 'Cada 8 horas', '7 días', '2025-07-20'),
(11338, 10006, 7007, 8113, 2007, 4002, 1, 2, '500mg', 'Cada 8 horas', '7 días', '2025-07-20'),
(11339, 10008, 7007, 8113, 2007, 4002, 1, 2, '50mg', 'Cada 12 horas', '5 días', '2025-07-20'),
-- Cita 8114
(11340, 10005, 7007, 8114, 2007, 4002, 1, 2, '600mg', 'Cada 8 horas', '7 días', '2025-07-30'),
(11341, 10007, 7007, 8114, 2007, 4002, 1, 2, '75mg', 'Cada 12 horas', '15 días', '2025-07-30'),
(11342, 10008, 7007, 8114, 2007, 4002, 1, 2, '50mg', 'Cada 8 horas', '7 días', '2025-07-30'),
-- Cita 8115
(11343, 10005, 7007, 8115, 2007, 4002, 1, 2, '600mg', 'Cada 8 horas', '10 días', '2025-08-07'),
(11344, 10006, 7007, 8115, 2007, 4002, 1, 2, '500mg', 'Cada 6 horas', '5 días', '2025-08-07'),
(11345, 10007, 7007, 8115, 2007, 4002, 1, 2, '75mg', 'Cada 12 horas', '10 días', '2025-08-07'),
-- Cita 8116
(11346, 10005, 7007, 8116, 2007, 4002, 1, 2, '600mg', 'Cada 8 horas', '7 días', '2025-08-19'),
(11347, 10006, 7007, 8116, 2007, 4002, 1, 2, '500mg', 'Cada 8 horas', '7 días', '2025-08-19'),
(11348, 10008, 7007, 8116, 2007, 4002, 1, 2, '50mg', 'Cada 12 horas', '5 días', '2025-08-19'),
-- Cita 8117
(11349, 10005, 7007, 8117, 2007, 4002, 1, 2, '600mg', 'Cada 8 horas', '7 días', '2025-09-01'),
(11350, 10007, 7007, 8117, 2007, 4002, 1, 2, '75mg', 'Cada 12 horas', '15 días', '2025-09-01'),
(11351, 10008, 7007, 8117, 2007, 4002, 1, 2, '50mg', 'Cada 8 horas', '7 días', '2025-09-01'),
-- Cita 8118
(11352, 10005, 7007, 8118, 2007, 4002, 1, 2, '600mg', 'Cada 8 horas', '10 días', '2025-09-09'),
(11353, 10006, 7007, 8118, 2007, 4002, 1, 2, '500mg', 'Cada 6 horas', '5 días', '2025-09-09'),
(11354, 10007, 7007, 8118, 2007, 4002, 1, 2, '75mg', 'Cada 12 horas', '10 días', '2025-09-09'),
-- Cita 8119
(11355, 10005, 7007, 8119, 2007, 4002, 1, 2, '600mg', 'Cada 8 horas', '7 días', '2025-09-22'),
(11356, 10006, 7007, 8119, 2007, 4002, 1, 2, '500mg', 'Cada 8 horas', '7 días', '2025-09-22'),
(11357, 10008, 7007, 8119, 2007, 4002, 1, 2, '50mg', 'Cada 12 horas', '5 días', '2025-09-22'),
-- Cita 8120
(11358, 10005, 7007, 8120, 2007, 4002, 1, 2, '600mg', 'Cada 8 horas', '7 días', '2025-09-30'),
(11359, 10007, 7007, 8120, 2007, 4002, 1, 2, '75mg', 'Cada 12 horas', '15 días', '2025-09-30'),
(11360, 10008, 7007, 8120, 2007, 4002, 1, 2, '50mg', 'Cada 8 horas', '7 días', '2025-09-30'),
-- Cita 8121
(11361, 10005, 7007, 8121, 2007, 4002, 1, 2, '600mg', 'Cada 8 horas', '10 días', '2025-10-08'),
(11362, 10006, 7007, 8121, 2007, 4002, 1, 2, '500mg', 'Cada 6 horas', '5 días', '2025-10-08'),
(11363, 10007, 7007, 8121, 2007, 4002, 1, 2, '75mg', 'Cada 12 horas', '10 días', '2025-10-08'),
-- Cita 8122
(11364, 10005, 7007, 8122, 2007, 4002, 1, 2, '600mg', 'Cada 8 horas', '7 días', '2025-10-20'),
(11365, 10006, 7007, 8122, 2007, 4002, 1, 2, '500mg', 'Cada 8 horas', '7 días', '2025-10-20'),
(11366, 10008, 7007, 8122, 2007, 4002, 1, 2, '50mg', 'Cada 12 horas', '5 días', '2025-10-20'),
-- Cita 8123
(11367, 10005, 7007, 8123, 2007, 4002, 1, 2, '600mg', 'Cada 8 horas', '7 días', '2025-11-02'),
(11368, 10007, 7007, 8123, 2007, 4002, 1, 2, '75mg', 'Cada 12 horas', '15 días', '2025-11-02'),
(11369, 10008, 7007, 8123, 2007, 4002, 1, 2, '50mg', 'Cada 8 horas', '7 días', '2025-11-02'),
-- Cita 8124
(11370, 10005, 7007, 8124, 2007, 4002, 1, 2, '600mg', 'Cada 8 horas', '10 días', '2025-11-11'),
(11371, 10006, 7007, 8124, 2007, 4002, 1, 2, '500mg', 'Cada 6 horas', '5 días', '2025-11-11'),
(11372, 10007, 7007, 8124, 2007, 4002, 1, 2, '75mg', 'Cada 12 horas', '10 días', '2025-11-11'),
-- Cita 8125
(11373, 10005, 7007, 8125, 2007, 4002, 1, 2, '600mg', 'Cada 8 horas', '7 días', '2025-11-23'),
(11374, 10006, 7007, 8125, 2007, 4002, 1, 2, '500mg', 'Cada 8 horas', '7 días', '2025-11-23'),
(11375, 10008, 7007, 8125, 2007, 4002, 1, 2, '50mg', 'Cada 12 horas', '5 días', '2025-11-23'),
-- Cita 8126
(11376, 10005, 7007, 8126, 2007, 4002, 1, 2, '600mg', 'Cada 8 horas', '7 días', '2025-12-02'),
(11377, 10007, 7007, 8126, 2007, 4002, 1, 2, '75mg', 'Cada 12 horas', '15 días', '2025-12-02'),
(11378, 10008, 7007, 8126, 2007, 4002, 1, 2, '50mg', 'Cada 8 horas', '7 días', '2025-12-02');

-- ============================================
-- 18. AUDITORÍA DE ACCESOS (Ejemplos)
-- ============================================
INSERT INTO auditoria_accesos (evento_id, accion, tabla_modificada, ip_origen, fecha_evento, persona_id) VALUES
(12001, 'INSERT', 'citas', '192.168.1.100', '2025-12-01 08:30:00', 1014),
(12002, 'UPDATE', 'paciente', '192.168.1.105', '2025-12-01 09:15:00', 1012),
(12003, 'SELECT', 'historias_clinicas', '192.168.1.102', '2025-12-01 10:20:00', 1001),
(12004, 'INSERT', 'prescripciones', '192.168.1.103', '2025-12-01 11:45:00', 1002),
(12005, 'UPDATE', 'medicamentos', '192.168.1.100', '2025-12-01 14:00:00', 1013),
(12006, 'SELECT', 'citas', '192.168.1.104', '2025-12-01 15:30:00', 1003);

-- ============================================
-- FIN DEL SCRIPT
-- ============================================
-- ============================================
-- HISTORIAS CLÍNICAS PARA CITAS COMPLETADAS
-- ============================================

INSERT INTO historias_clinicas (historia_id, fecha_registro, diagnostico, tratamiento, paciente_id) VALUES
-- Para citas completadas del 2 al 12 de diciembre
(7127, '2025-12-02 09:30:00', 'Angina de pecho estable', 'Nitratos y control de factores de riesgo', 2003),
(7128, '2025-12-03 10:15:00', 'Hipertensión arterial descompensada', 'Ajuste de terapia antihipertensiva', 2005),
(7129, '2025-12-04 14:20:00', 'Dislipidemia mixta', 'Estatinas de alta intensidad', 2002),
(7130, '2025-12-05 11:00:00', 'Lumbalgia mecánica aguda', 'Analgesia y fisioterapia', 2004),
(7131, '2025-12-06 08:45:00', 'Síndrome coronario crónico', 'Optimización de tratamiento antiisquémico', 2003),
(7132, '2025-12-09 15:30:00', 'Faringoamigdalitis aguda', 'Antibioticoterapia y sintomáticos', 2006),
(7133, '2025-12-10 09:00:00', 'Tendinitis del hombro', 'Antiinflamatorios y reposo relativo', 2007),
(7134, '2025-12-11 10:30:00', 'Insuficiencia cardíaca compensada', 'Ajuste de dosis de diuréticos', 2002),
(7135, '2025-12-11 14:00:00', 'Bronquitis aguda', 'Broncodilatadores y antitusivos', 2001),
(7136, '2025-12-12 08:30:00', 'Control cardiológico post-ajuste', 'Continuar con esquema actual', 2003);

-- ============================================
-- CITAS COMPLETADAS (DEL 2 AL 12 DE DICIEMBRE)
-- ============================================

INSERT INTO citas (cita_id, paciente_id, departamento_id, sede_id, doctor_id, fecha_hora, estado, tipo_servicio) VALUES
-- DOCTOR 4001 (Carlos - Cardiología) - 5 CITAS COMPLETADAS (EL MÁS SOLICITADO)
(9007, 2003, 1, 1, 4001, '2025-12-02 09:00:00', 'Completada', 'Consulta Cardiológica Urgente'),
(9008, 2005, 1, 1, 4001, '2025-12-03 10:00:00', 'Completada', 'Control de Hipertensión'),
(9009, 2002, 4, 2, 4001, '2025-12-04 14:00:00', 'Completada', 'Consulta Cardiológica'),
(9010, 2003, 1, 1, 4001, '2025-12-06 08:30:00', 'Completada', 'Seguimiento Cardiológico'),
(9011, 2002, 4, 2, 4001, '2025-12-11 10:00:00', 'Completada', 'Control de Insuficiencia Cardíaca'),

-- DOCTOR 4003 (José - Pediatría) - 3 CITAS COMPLETADAS (DEMANDA MEDIA)
(9012, 2006, 5, 2, 4003, '2025-12-09 15:00:00', 'Completada', 'Consulta Pediátrica Urgente'),
(9013, 2001, 5, 2, 4003, '2025-12-11 13:30:00', 'Completada', 'Control Respiratorio'),
(9014, 2006, 5, 2, 4003, '2025-12-12 10:00:00', 'Completada', 'Seguimiento Pediátrico'),

-- DOCTOR 4002 (María - Traumatología) - 2 CITAS COMPLETADAS (EL MENOS SOLICITADO)
(9015, 2004, 2, 1, 4002, '2025-12-05 10:30:00', 'Completada', 'Consulta Traumatológica'),
(9016, 2007, 2, 1, 4002, '2025-12-10 08:45:00', 'Completada', 'Control Traumatológico');



-- ============================================
-- PRESCRIPCIONES PARA CADA CITA COMPLETADA
-- ============================================

-- PRESCRIPCIONES PARA CITA 9007 (2-DIC - Doctor 4001 - Paciente 2003)
INSERT INTO prescripciones (prescripcion_id, medicamento_id, historia_id, cita_id, paciente_id, doctor_id, sede_id, departamento_id, dosis, frecuencia, duracion, fecha_emision) VALUES
(11379, 10002, 7127, 9007, 2003, 4001, 1, 1, '10mg', 'Cada 12 horas', '30 días', '2025-12-02'),
(11380, 10004, 7127, 9007, 2003, 4001, 1, 1, '50mg', 'Cada 12 horas', '30 días', '2025-12-02'),
(11381, 10003, 7127, 9007, 2003, 4001, 1, 1, '100mg', 'Cada 24 horas', '30 días', '2025-12-02');

-- PRESCRIPCIONES PARA CITA 9008 (3-DIC - Doctor 4001 - Paciente 2005)
INSERT INTO prescripciones (prescripcion_id, medicamento_id, historia_id, cita_id, paciente_id, doctor_id, sede_id, departamento_id, dosis, frecuencia, duracion, fecha_emision) VALUES
(11382, 10002, 7128, 9008, 2005, 4001, 1, 1, '20mg', 'Cada 12 horas', '60 días', '2025-12-03'),
(11383, 10004, 7128, 9008, 2005, 4001, 1, 1, '100mg', 'Cada 24 horas', '60 días', '2025-12-03'),
(11384, 10001, 7128, 9008, 2005, 4001, 1, 1, '40mg', 'Cada 24 horas', '60 días', '2025-12-03');

-- PRESCRIPCIONES PARA CITA 9009 (4-DIC - Doctor 4001 - Paciente 2002)
INSERT INTO prescripciones (prescripcion_id, medicamento_id, historia_id, cita_id, paciente_id, doctor_id, sede_id, departamento_id, dosis, frecuencia, duracion, fecha_emision) VALUES
(11385, 10013, 7129, 9009, 2002, 4001, 2, 4, '40mg', 'Cada 24 horas', '90 días', '2025-12-04'),
(11386, 10014, 7129, 9009, 2002, 4001, 2, 4, '25mg', 'Cada 12 horas', '90 días', '2025-12-04'),
(11387, 10015, 7129, 9009, 2002, 4001, 2, 4, '75mg', 'Cada 24 horas', '90 días', '2025-12-04');

-- PRESCRIPCIONES PARA CITA 9010 (6-DIC - Doctor 4001 - Paciente 2003)
INSERT INTO prescripciones (prescripcion_id, medicamento_id, historia_id, cita_id, paciente_id, doctor_id, sede_id, departamento_id, dosis, frecuencia, duracion, fecha_emision) VALUES
(11388, 10001, 7131, 9010, 2003, 4001, 1, 1, '40mg', 'Cada 24 horas', '30 días', '2025-12-06'),
(11389, 10002, 7131, 9010, 2003, 4001, 1, 1, '10mg', 'Cada 12 horas', '30 días', '2025-12-06'),
(11390, 10003, 7131, 9010, 2003, 4001, 1, 1, '100mg', 'Cada 24 horas', '365 días', '2025-12-06');

-- PRESCRIPCIONES PARA CITA 9011 (11-DIC - Doctor 4001 - Paciente 2002)
INSERT INTO prescripciones (prescripcion_id, medicamento_id, historia_id, cita_id, paciente_id, doctor_id, sede_id, departamento_id, dosis, frecuencia, duracion, fecha_emision) VALUES
(11391, 10014, 7134, 9011, 2002, 4001, 2, 4, '25mg', 'Cada 12 horas', '30 días', '2025-12-11'),
(11392, 10016, 7134, 9011, 2002, 4001, 2, 4, '40mg', 'Cada 24 horas', '30 días', '2025-12-11'),
(11393, 10015, 7134, 9011, 2002, 4001, 2, 4, '75mg', 'Cada 24 horas', '30 días', '2025-12-11');

-- PRESCRIPCIONES PARA CITA 9012 (9-DIC - Doctor 4003 - Paciente 2006)
INSERT INTO prescripciones (prescripcion_id, medicamento_id, historia_id, cita_id, paciente_id, doctor_id, sede_id, departamento_id, dosis, frecuencia, duracion, fecha_emision) VALUES
(11394, 10017, 7132, 9012, 2006, 4003, 2, 5, '10ml', 'Cada 8 horas', '10 días', '2025-12-09'),
(11395, 10018, 7132, 9012, 2006, 4003, 2, 5, '10ml', 'Cada 6 horas', '5 días', '2025-12-09'),
(11396, 10020, 7132, 9012, 2006, 4003, 2, 5, '10 gotas', 'Cada 12 horas', '10 días', '2025-12-09');

-- PRESCRIPCIONES PARA CITA 9013 (11-DIC - Doctor 4003 - Paciente 2001)
INSERT INTO prescripciones (prescripcion_id, medicamento_id, historia_id, cita_id, paciente_id, doctor_id, sede_id, departamento_id, dosis, frecuencia, duracion, fecha_emision) VALUES
(11397, 10017, 7135, 9013, 2001, 4003, 2, 5, '8ml', 'Cada 8 horas', '7 días', '2025-12-11'),
(11398, 10019, 7135, 9013, 2001, 4003, 2, 5, '2 puff', 'Cada 6 horas', '15 días', '2025-12-11'),
(11399, 10018, 7135, 9013, 2001, 4003, 2, 5, '5ml', 'Cada 6 horas', '5 días', '2025-12-11');

-- PRESCRIPCIONES PARA CITA 9014 (12-DIC - Doctor 4003 - Paciente 2006)
INSERT INTO prescripciones (prescripcion_id, medicamento_id, historia_id, cita_id, paciente_id, doctor_id, sede_id, departamento_id, dosis, frecuencia, duracion, fecha_emision) VALUES
(11400, 10017, 7132, 9014, 2006, 4003, 2, 5, '10ml', 'Cada 12 horas', '7 días', '2025-12-12'),
(11401, 10018, 7132, 9014, 2006, 4003, 2, 5, '10ml', 'Según necesidad', '5 días', '2025-12-12'),
(11402, 10020, 7132, 9014, 2006, 4003, 2, 5, '10 gotas', 'Cada 24 horas', '15 días', '2025-12-12');

-- PRESCRIPCIONES PARA CITA 9015 (5-DIC - Doctor 4002 - Paciente 2004)
INSERT INTO prescripciones (prescripcion_id, medicamento_id, historia_id, cita_id, paciente_id, doctor_id, sede_id, departamento_id, dosis, frecuencia, duracion, fecha_emision) VALUES
(11403, 10005, 7130, 9015, 2004, 4002, 1, 2, '600mg', 'Cada 8 horas', '14 días', '2025-12-05'),
(11404, 10006, 7130, 9015, 2004, 4002, 1, 2, '500mg', 'Cada 6 horas', '10 días', '2025-12-05'),
(11405, 10007, 7130, 9015, 2004, 4002, 1, 2, '75mg', 'Cada 12 horas', '10 días', '2025-12-05');

-- PRESCRIPCIONES PARA CITA 9016 (10-DIC - Doctor 4002 - Paciente 2007)
INSERT INTO prescripciones (prescripcion_id, medicamento_id, historia_id, cita_id, paciente_id, doctor_id, sede_id, departamento_id, dosis, frecuencia, duracion, fecha_emision) VALUES
(11406, 10005, 7133, 9016, 2007, 4002, 1, 2, '600mg', 'Cada 8 horas', '7 días', '2025-12-10'),
(11407, 10007, 7133, 9016, 2007, 4002, 1, 2, '75mg', 'Cada 12 horas', '15 días', '2025-12-10'),
(11408, 10006, 7133, 9016, 2007, 4002, 1, 2, '500mg', 'Cada 8 horas', '5 días', '2025-12-10');

SELECT
  e."equipamiento_id",
  e."nombre"          AS equipo,
  e."categoria",
  MIN(d."nombre")     AS departamento,
  COUNT(DISTINCT c."sede_id") AS num_sedes
FROM "comparte" c
JOIN "equipamiento" e
  ON e."equipamiento_id" = c."equipamiento_id"
JOIN "departamento" d
  ON d."departamento_id" = c."departamento_id"
 AND d."sede_id"         = c."sede_id"
GROUP BY e."equipamiento_id", e."nombre", e."categoria", c."departamento_id"
HAVING COUNT(DISTINCT c."sede_id") > 1
ORDER BY equipo, c."departamento_id";


select * from historias_clinicas
select * from citas